gameID,playerID,goals,ownGoals,shots,xGoals,xGoalsChain,xGoalsBuildup,assists,keyPasses,xAssists,position,positionOrder,yellowCard,redCard,time,substituteIn,substituteOut,leagueID
81,560,0,0,0,0,0,0,0,0,0,GK,1,0,0,90,0,0,1
81,557,0,0,0,0,0.106513061,0.106513061,0,1,0.106513061,DR,2,0,0,82,222605,0,1
81,548,0,0,0,0,0.127737731,0.127737731,0,0,0,DC,3,0,0,90,0,0,1
81,628,0,0,0,0,0.106513061,0.106513061,0,0,0,DC,3,0,0,90,0,0,1
81,1006,0,0,0,0,0.021224665,0.021224665,0,0,0,DL,4,0,0,90,0,0,1
81,551,0,0,0,0,0.163669869,0.163669869,0,0,0,DMC,7,0,0,90,0,0,1
81,654,0,0,0,0,0.035742015,0,0,1,0.035742015,DMC,7,0,0,61,222606,0,1
81,554,0,0,3,0.253644913,0.255811274,0.106513061,0,0,0,AMR,11,1,0,90,0,0,1
81,555,0,0,3,0.121308878,0.056966681,0,0,0,0,AMC,12,0,0,69,222607,0,1
81,631,0,0,1,0.103004262,0.124228925,0.021224665,0,1,0.064342201,AML,13,0,0,90,0,0,1
81,629,0,0,2,0.149580717,0.184894547,0.127737731,0,2,0.078381479,FW,15,0,0,90,0,0,1
81,552,0,0,0,0,0.106513061,0.106513061,0,0,0,Sub,17,0,0,21,0,222602,1
81,627,0,0,0,0,0,0,0,0,0,Sub,17,0,0,8,0,222595,1
81,907,0,0,0,0,0.106513061,0.106513061,0,0,0,Sub,17,1,0,29,0,222600,1
81,651,0,0,0,0,0,0,0,0,0,GK,1,0,0,90,0,0,1
81,638,0,1,1,0.073057853,0.073057853,0,0,0,0,DR,2,0,0,90,0,0,1
81,639,0,0,2,0.056997091,0.03649123,0,0,1,0.03649123,DC,3,0,0,90,0,0,1
81,640,0,0,0,0,0.109549083,0.109549083,0,0,0,DC,3,1,0,90,0,0,1
81,660,0,0,0,0,0.066174023,0.066174023,0,0,0,DL,4,0,0,90,0,0,1
81,914,0,0,0,0,0,0,0,0,0,DMC,7,0,0,54,222621,0,1
81,643,0,0,0,0,0.073057853,0.073057853,0,0,0,DMC,7,1,0,78,222620,0,1
81,642,0,0,0,0,0.103433363,0.103433363,0,0,0,AMR,11,0,0,69,222619,0,1
81,646,1,0,3,0.363477677,0.466911048,0,0,4,0.22288768,AMC,12,0,0,90,0,0,1
81,648,0,0,0,0,0.297303677,0.297303677,0,0,0,AML,13,0,0,90,0,0,1
81,647,0,0,3,0.182190657,0.357361972,0.029682795,0,1,0.297303677,FW,15,0,0,90,0,0,1
81,649,0,0,0,0,0.066174023,0.066174023,0,0,0,Sub,17,0,0,36,0,222613,1
81,644,0,0,0,0,0.029682795,0,0,1,0.029682795,Sub,17,0,0,21,0,222615,1
81,645,0,0,0,0,0.066174023,0.066174023,0,0,0,Sub,17,1,0,12,0,222614,1
82,455,0,0,0,0,0.074330695,0.074330695,0,0,0,GK,1,0,0,90,0,0,1
82,456,0,0,0,0,0.23907119,0.191200212,0,2,0.146675065,DR,2,0,0,90,0,0,1
82,458,0,0,0,0,0.024036031,0.024036031,0,0,0,DC,3,1,0,90,0,0,1
82,457,0,0,0,0,0.078120723,0.078120723,0,0,0,DC,3,0,0,90,0,0,1
82,459,0,0,0,0,0.039429873,0.039429873,0,1,0.015393841,DL,4,0,0,90,0,0,1
82,461,0,0,2,0.042669795,0.087648742,0.020942917,0,1,0.024036031,MR,8,0,0,90,0,0,1
82,460,0,0,2,0.064414099,0.235482246,0.054084696,0,4,0.211446211,MC,9,0,0,90,0,0,1
82,462,0,0,1,0.415752888,0.493873626,0.078120723,0,0,0,MC,9,1,0,85,222634,0,1
82,466,0,0,2,0.146675065,0.148415506,0.10054452,0,0,0,ML,10,0,0,70,222635,0,1
82,465,0,0,2,0.075027607,0.121487431,0.024036031,0,1,0.022423793,FW,15,1,0,54,222633,0,1
82,468,0,0,2,0.13156645,0.61761409,0.486047685,0,0,0,FW,15,0,0,90,0,0,1
82,957,0,0,0,0,0,0,0,0,0,Sub,17,0,0,36,0,222631,1
82,472,0,0,0,0,0,0,0,0,0,Sub,17,0,0,5,0,222629,1
82,464,0,0,0,0,0,0,0,0,0,Sub,17,0,0,20,0,222630,1
82,662,0,0,0,0,0,0,0,0,0,GK,1,0,0,90,0,0,1
82,674,0,0,1,0.097370781,0.11366789,0.11366789,0,0,0,DR,2,1,0,90,0,0,1
82,665,0,0,0,0,0.168343961,0.11366789,0,1,0.054676075,DC,3,0,0,90,0,0,1
82,875,0,0,0,0,0.131936967,0.131936967,0,0,0,DC,3,1,0,90,0,0,1
82,961,0,0,0,0,0,0,0,0,0,DL,4,0,0,90,0,0,1
82,668,0,0,2,0.131936967,0.131936967,0,0,0,0,MC,9,1,0,90,0,0,1
82,669,0,0,0,0,0.131936967,0.131936967,1,1,0.374082088,MC,9,1,0,90,0,0,1
82,677,0,0,0,0,0.131936967,0.11366789,0,1,0.018269068,MC,9,0,0,72,222648,0,1
82,672,0,0,0,0,0.131936967,0.131936967,0,0,0,FWR,14,0,0,60,222647,0,1
82,890,0,0,2,0.130160406,0.243828297,0,0,1,0.11366789,FW,15,0,0,90,0,0,1
82,679,0,0,0,0,0,0,0,0,0,FWL,16,0,0,79,222649,0,1
82,667,0,0,0,0,0,0,0,0,0,Sub,17,0,0,18,0,222641,1
82,899,0,0,0,0,0,0,0,0,0,Sub,17,0,0,11,0,222646,1
82,671,1,0,2,0.426761746,0.052679669,0,0,0,0,Sub,17,0,0,30,0,222644,1
83,600,0,0,0,0,0.06951616,0.06951616,0,0,0,GK,1,0,0,90,0,0,1
83,585,0,0,0,0,0.096012518,0.096012518,0,0,0,DR,2,1,0,90,0,0,1
83,587,0,0,0,0,0.04622503,0.04622503,0,0,0,DC,3,0,0,90,0,0,1
83,586,0,0,0,0,0.027589967,0.027589967,0,0,0,DC,3,0,0,90,0,0,1
83,909,0,0,0,0,0.04622503,0.04622503,0,0,0,DL,4,0,0,65,57177,0,1
83,589,0,0,0,0,0.018635061,0.018635061,0,0,0,DMC,7,0,0,90,0,0,1
83,590,0,0,1,0.09727332,0.088151217,0.06951616,0,1,0.018635061,DMC,7,0,0,90,0,0,1
83,595,0,0,1,0.010156102,0.08309789,0.072941788,0,1,0.09727332,AMR,11,0,0,79,57175,0,1
83,592,1,0,4,0.092212215,0.092212215,0,0,1,0.213395298,AMC,12,0,0,90,0,0,1
83,596,0,0,0,0,0.150319248,0.019270431,0,3,0.131048813,AML,13,0,0,90,0,0,1
83,594,0,0,2,0.258326352,0.142037168,0.027589967,1,1,0.06951616,FW,15,0,0,90,57176,0,1
83,601,1,0,2,0.14625825,0.16552867,0,1,1,0.019270431,Sub,17,0,0,25,0,57168,1
83,598,0,0,0,0,0,0,0,0,0,Sub,17,0,0,11,0,57171,1
83,824,0,0,0,0,0,0,0,0,0,Sub,17,0,0,1,0,57174,1
83,564,0,0,0,0,0.114175588,0.114175588,0,0,0,GK,1,0,0,90,0,0,1
83,565,0,0,0,0,0.023459289,0.023459289,0,0,0,DR,2,0,0,90,0,0,1
83,566,0,0,0,0,0.144435614,0.144435614,0,0,0,DC,3,0,0,90,0,0,1
83,581,0,0,0,0,0,0,0,0,0,DC,3,0,0,90,0,0,1
83,568,0,0,1,0.01795998,0.16037111,0.142411128,0,1,0.017846873,DL,4,1,0,90,0,0,1
83,577,0,0,2,0.090118937,0.25049004,0.142411128,0,1,0.01795998,MR,8,0,0,90,0,0,1
83,570,0,0,0,0,0.12456426,0.12456426,0,0,0,MC,9,0,0,81,57191,0,1
83,572,0,0,1,0.023459289,0.255989343,0.154046953,0,1,0.07848312,MC,9,0,0,90,0,0,1
83,1016,1,0,2,0.108652428,0.2634767,0.030260021,0,1,0.12456426,ML,10,0,0,61,57189,0,1
83,582,0,0,1,0.031419214,0.20970279,0.12456426,0,2,0.053719312,AMC,12,0,0,76,57190,0,1
83,574,0,0,3,0.172671154,0.286846757,0.030260021,1,1,0.114175588,FW,15,1,0,90,0,0,1
83,571,0,0,0,0,0.011635818,0,0,1,0.011635818,Sub,17,0,0,9,0,57185,1
83,578,0,0,0,0,0,0,0,0,0,Sub,17,0,0,29,0,57186,1
83,573,1,0,1,0.114175588,0.114175588,0,0,0,0,Sub,17,0,0,14,0,57187,1
84,745,0,0,0,0,0,0,0,0,0,GK,1,0,0,90,0,0,1
84,955,0,0,0,0,0.066266499,0.066266499,0,0,0,DR,2,0,0,78,57204,0,1
84,747,0,0,0,0,0.134117007,0.134117007,0,0,0,DC,3,0,0,90,0,0,1
84,748,0,0,1,0.016160009,0.422345191,0.422345191,0,0,0,DC,3,0,0,90,0,0,1
84,757,0,0,1,0.030204477,0.789970636,0.759766161,0,0,0,DL,4,1,0,90,0,0,1
84,753,1,0,2,0.155681178,0.932976782,0.287353307,2,6,0.588091493,MR,8,0,0,90,0,0,1
84,784,0,0,1,0.048661295,0.423792809,0.375131518,0,0,0,MC,9,0,0,90,0,0,1
84,752,0,0,1,0.017983265,0.579005122,0.36511296,0,2,0.195908904,MC,9,0,0,90,0,0,1
84,750,2,0,6,1.246980786,0.873699009,0.142628118,0,4,0.456744045,ML,10,0,0,80,57203,0,1
84,755,1,0,5,0.774049401,1.13832438,0.15210028,0,3,0.280786663,FW,15,1,0,85,57205,0,1
84,754,0,0,2,0.278311133,1.333388925,1.037094593,0,2,0.084249765,FW,15,0,0,90,0,0,1
84,751,0,0,0,0,0.121762268,0,0,1,0.121762268,Sub,17,0,0,5,0,57202,1
84,749,0,0,0,0,0,0,0,0,0,Sub,17,0,0,10,0,57200,1
84,974,0,0,0,0,0,0,0,0,0,Sub,17,0,0,12,0,57193,1
84,580,0,0,0,0,0.725827217,0.725827217,0,0,0,GK,1,0,0,90,0,0,1
84,742,0,0,0,0,0.010447415,0.010447415,0,0,0,DR,2,1,0,57,57218,0,1
84,736,0,0,1,0.027277105,0.702412665,0.702412665,0,0,0,DC,3,1,0,90,0,0,1
84,927,0,0,0,0,0.323818594,0.323818594,0,0,0,DC,3,1,0,90,0,0,1
84,730,0,0,0,0,0.358488202,0.358488202,0,0,0,DL,4,0,0,90,0,0,1
84,738,0,0,0,0,0.012196696,0.012196696,0,0,0,DMC,7,0,0,29,57217,0,1
84,929,0,0,1,0.012196696,0.370684922,0.358488202,1,5,0.55257386,MR,8,0,0,90,0,0,1
84,740,0,0,1,0.0112551,0.72586447,0.702412665,0,1,0.012196696,MC,9,0,0,90,0,0,1
84,733,0,0,1,0.050374873,1.049683094,1.049683094,0,1,0.0112551,MC,9,1,0,90,0,0,1
84,781,0,0,1,0.023414515,1.061842442,0.336015284,1,1,0.702412665,ML,10,0,0,90,0,0,1
84,735,1,0,3,0.520802975,0.531250358,0,0,1,0.010447415,FW,15,0,0,90,0,0,1
84,930,1,0,3,0.815513492,0.712860107,0,0,0,0,Sub,17,0,0,61,0,57211,1
84,1034,0,0,0,0,1.037486434,1.037486434,0,0,0,Sub,17,0,0,33,0,57207,1
85,785,0,0,0,0,0.07248839,0.07248839,0,0,0,GK,1,0,0,90,0,0,1
85,926,0,0,2,0.048682548,0.135736257,0.087053701,0,0,0,DR,2,0,0,90,0,0,1
85,821,0,0,0,0,0.03284594,0.03284594,0,0,0,DC,3,0,0,90,0,0,1
85,788,0,0,0,0,0.03284594,0.03284594,0,0,0,DC,3,0,0,90,0,0,1
85,789,0,0,3,0.085810155,0.08563289,0.011716064,0,2,0.079730734,DL,4,0,0,90,0,0,1
85,791,0,0,2,0.059494901,0.072032377,0.012537477,0,0,0,DMC,7,1,0,56,57285,0,1
85,792,0,0,1,0.023918048,0.277174383,0.241368324,0,2,0.024425503,MR,8,0,0,90,0,0,1
85,793,0,0,0,0,0.176880464,0.096913889,1,3,0.107519247,MC,9,0,0,90,0,0,1
85,801,0,0,1,0.011888027,0.088119768,0.059127316,0,1,0.017104425,MC,9,0,0,82,57287,0,1
85,1011,0,0,4,0.138337269,0.091452472,0,0,0,0,ML,10,0,0,90,0,0,1
85,467,0,0,2,0.700198412,0.833845735,0.024425503,0,2,0.109221824,FW,15,0,0,56,57286,0,1
85,1010,0,0,0,0,0.027926384,0.027926384,0,0,0,Sub,17,0,0,8,0,57282,1
85,790,1,0,1,0.011716064,0.011716064,0,0,1,0.050709788,Sub,17,0,0,34,0,57279,1
85,794,0,0,1,0.050709788,0.027926384,0,0,1,0.027926384,Sub,17,0,0,34,0,57284,1
85,635,0,0,0,0,0,0,0,0,0,GK,1,0,0,90,0,0,1
85,510,0,0,1,0.012009016,1.585279822,1.573270798,0,1,0.631695569,DR,2,0,0,90,0,0,1
85,511,1,0,1,0.321474493,0.392137527,0.392137527,0,0,0,DC,3,0,0,90,0,0,1
85,512,0,0,0,0,0.1321266,0.1321266,0,0,0,DC,3,0,0,90,0,0,1
85,513,0,0,0,0,1.105145335,1.105145335,1,1,0.321474493,DL,4,0,0,90,0,0,1
85,522,1,0,1,0.392137527,1.04771626,0.655578673,0,0,0,MR,8,0,0,74,57300,0,1
85,633,0,0,0,0,1.242688775,0.763822138,1,3,0.478866637,MC,9,0,0,90,0,0,1
85,516,1,0,2,0.416248322,1.572207928,1.155959725,0,1,0.1321266,MC,9,0,0,90,0,0,1
85,514,0,0,1,0.059064891,1.729562759,1.670497894,1,2,0.450629473,ML,10,0,0,90,0,0,1
85,632,0,0,2,0.156009734,0.787705302,0.631695569,0,0,0,AMC,12,0,0,75,57299,0,1
85,882,0,0,1,0.631695569,0.667587698,0,0,2,0.035892151,FW,15,0,0,84,57301,0,1
85,519,0,0,1,0.058491945,0.474740237,0.474740237,0,0,0,Sub,17,0,0,6,0,57298,1
85,515,0,0,0,0,0,0,0,0,0,Sub,17,0,0,15,0,57297,1
85,518,0,0,1,0.062618315,0.062618315,0,0,0,0,Sub,17,0,0,16,0,57293,1
86,680,0,0,0,0,0,0,0,0,0,GK,1,0,1,54,0,0,1
86,682,1,0,3,0.15280953,0.16337584,0.131102815,0,0,0,DR,2,0,0,90,0,0,1
86,699,0,0,0,0,0.102914013,0.102914013,0,0,0,DC,3,0,0,90,0,0,1
86,917,0,0,0,0,0.102914013,0.102914013,0,0,0,DC,3,1,0,90,0,0,1
86,681,0,0,0,0,0.069721721,0.069721721,0,0,0,DL,4,0,0,90,0,0,1
86,686,0,0,1,0.052944027,0.137522101,0.084578067,0,1,0.120536506,DMC,7,0,0,78,57149,0,1
86,697,0,0,1,0.014681585,0.081825696,0.067144111,0,0,0,DMC,7,0,0,90,0,0,1
86,700,0,0,1,0.03421165,0.272709131,0.050366417,0,4,0.188131064,AMR,11,0,0,86,57148,0,1
86,692,1,0,2,0.177204773,0.239813626,0.103310443,0,0,0,AMC,12,0,0,56,57147,0,1
86,701,0,0,1,0.102914013,0.249512151,0.065861747,0,2,0.080736399,AML,13,0,0,90,0,0,1
86,802,0,0,1,0.050366417,0.167410567,0.117044158,0,1,0.03421165,FW,15,0,0,90,0,0,1
86,696,0,0,1,0.066054814,0.066054814,0,0,0,0,Sub,17,0,0,4,0,57143,1
86,935,0,0,0,0,0.066054814,0.066054814,0,0,0,Sub,17,0,0,12,0,57142,1
86,694,0,0,0,0,0,0,0,0,0,Sub,17,0,0,34,0,57144,1
86,706,0,0,0,0,0.391340524,0.391340524,0,0,0,GK,1,0,0,90,0,0,1
86,718,0,0,0,0,0.41586566,0.41586566,0,0,0,DR,2,0,0,90,0,0,1
86,708,0,1,1,0.1201993,0.04994864,0.04994864,0,0,0,DC,3,0,0,90,0,0,1
86,709,0,0,0,0,0.416774541,0.416774541,0,0,0,DC,3,1,0,90,0,0,1
86,710,0,0,0,0,0.156039938,0.156039938,0,0,0,DL,4,0,0,90,0,0,1
86,769,0,0,1,0.025423514,0.84803915,0.337528735,0,6,0.700391471,DMC,7,1,0,90,0,0,1
86,723,0,0,1,0.035971649,0.34806633,0.34806633,0,0,0,DMC,7,0,0,41,57162,0,1
86,713,1,0,3,1.092314124,1.458231091,0.365916997,0,0,0,AMR,11,0,0,90,0,0,1
86,714,0,0,3,0.123946808,0.086703479,0,0,1,0.06907884,AMC,12,0,0,90,0,0,1
86,715,0,0,2,0.093603969,0.459294945,0.035971649,0,2,0.329719335,AML,13,0,0,73,57163,0,1
86,717,1,0,5,1.534285784,0.808628142,0.130616426,0,1,0.035971649,FW,15,0,0,81,57161,0,1
86,719,0,0,1,0.094644777,0.094644777,0,0,0,0,Sub,17,0,0,17,0,57159,1
86,963,0,0,0,0,0.025434036,0.025434036,0,1,0.025434036,Sub,17,0,0,9,0,57160,1
86,712,0,0,0,0,0.144593418,0.144593418,0,1,0.025423514,Sub,17,1,0,49,0,57156,1
87,982,0,0,0,0,0,0,0,0,0,GK,1,0,0,90,0,0,1
87,764,0,0,0,0,0.022573402,0.022573402,0,0,0,DR,2,0,0,90,0,0,1
87,941,0,0,2,0.183325976,0.022573402,0.022573402,0,0,0,DC,3,0,0,90,0,0,1
87,849,0,0,0,0,0.102217451,0.102217451,0,0,0,DC,3,0,0,90,0,0,1
87,943,0,0,0,0,0.022573402,0,0,1,0.022573402,DL,4,0,0,90,0,0,1
87,768,0,0,1,0.022700321,0.102217451,0.102217451,0,0,0,DMC,7,0,0,70,57260,0,1
87,767,0,0,0,0,0.022573402,0.022573402,0,2,0.12062069,DMC,7,1,0,90,0,0,1
87,772,0,0,0,0,0.124790855,0.022573402,0,1,0.102217451,AMR,11,0,0,90,0,0,1
87,771,1,0,2,0.246876448,0.296786994,0,0,1,0.049910534,AMC,12,0,0,83,57258,0,1
87,851,0,0,1,0.022573402,0.167232409,0,1,2,0.167359322,AML,13,0,0,90,0,0,1
87,850,1,0,3,1.070656896,0.194569528,0.144658998,0,1,0.107843675,FW,15,0,0,77,57259,0,1
87,854,0,0,0,0,0,0,0,0,0,Sub,17,0,0,20,0,57252,1
87,774,0,0,0,0,0,0,0,0,0,Sub,17,0,0,7,0,57255,1
87,773,0,0,0,0,0,0,0,0,0,Sub,17,1,0,13,0,57257,1
87,846,0,0,0,0,0,0,0,0,0,GK,1,0,0,90,0,0,1
87,847,0,0,1,0.060842194,0.183706909,0.013054513,1,2,0.109810203,DR,2,1,0,48,57273,0,1
87,845,0,0,1,0.454989582,0.174122185,0.174122185,0,0,0,DC,3,0,0,90,0,0,1
87,834,0,0,1,0.112236485,0.170972049,0.170972049,0,0,0,DC,3,1,0,90,0,0,1
87,884,0,0,0,0,0.240935341,0.240935341,0,0,0,DL,4,0,0,90,0,0,1
87,836,0,0,0,0,0.254714429,0.254714429,0,0,0,DMC,7,0,0,90,0,0,1
87,883,0,0,0,0,0.228205249,0.210427418,0,3,0.619965851,DMC,7,1,0,90,0,0,1
87,840,0,0,3,0.105061904,0.386781693,0.03630523,1,6,0.393956274,AMR,11,0,0,90,0,0,1
87,838,0,0,3,0.32326743,0.40902257,0.08575514,0,0,0,AMC,12,0,0,90,0,0,1
87,844,0,0,1,0.066460714,0.079515226,0.066460714,0,1,0.013054513,AML,13,0,0,68,57272,0,1
87,841,1,0,2,0.079867676,0.214280725,0.169993699,0,0,0,FW,15,1,0,90,0,0,1
87,839,1,0,2,0.05017449,0.094461516,0.08059226,0,0,0,Sub,17,0,0,22,0,57270,1
87,832,0,0,0,0,0.23303692,0.23303692,0,0,0,Sub,17,0,0,42,0,57262,1
88,491,0,0,0,0,0.431844473,0.431844473,0,0,0,GK,1,0,0,90,0,0,1
88,967,0,0,1,0.028445426,0.191670552,0.163225129,0,1,0.017912433,DR,2,0,0,69,57092,0,1
88,507,0,0,1,0.080390021,0.23173508,0.23173508,0,0,0,DC,3,0,0,90,0,0,1
88,494,0,0,1,0.017912433,0.097952768,0.097952768,0,0,0,DC,3,0,0,90,0,0,1
88,495,0,0,0,0,0.613264918,0.613264918,0,0,0,DL,4,1,0,90,0,0,1
88,504,0,0,2,0.041125473,0.250047535,0.085158445,0,2,0.123763628,DMC,7,0,0,90,0,0,1
88,497,0,0,0,0,0.130550787,0.061159316,0,1,0.069391459,DMC,7,0,0,60,57093,0,1
88,966,0,0,3,0.114418179,0.715012848,0.203421026,0,4,0.397173643,AMR,11,0,0,90,0,0,1
88,499,0,0,2,0.148944959,0.426254362,0.085158445,0,4,0.335724801,AMC,12,0,0,90,0,0,1
88,965,0,0,2,0.045070183,0.764788091,0.635868192,0,5,0.168386519,AML,13,0,0,90,0,0,1
88,502,0,0,5,0.537957132,0.562395275,0.085158445,0,0,0,FW,15,0,0,90,0,0,1
88,503,0,0,2,0.101846918,0.101846918,0,0,0,0,Sub,17,0,0,30,0,57086,1
88,498,0,0,3,0.217991978,0.303150415,0.085158445,0,0,0,Sub,17,0,0,21,0,57082,1
88,527,0,0,0,0,0,0,0,0,0,GK,1,0,0,90,0,0,1
88,530,0,0,0,0,0.131748319,0.102479339,0,1,0.029268986,DR,2,1,0,90,0,0,1
88,528,0,0,0,0,0,0,0,0,0,DC,3,1,0,90,0,0,1
88,529,0,0,0,0,0,0,0,0,0,DC,3,0,0,90,0,0,1
88,534,0,0,1,0.019972501,0.042969413,0,0,1,0.022996914,DL,4,0,0,90,0,0,1
88,532,1,0,1,0.297060966,0.082506835,0.082506835,0,2,0.104586005,MC,9,0,0,90,0,0,1
88,533,0,0,0,0,0.022996914,0.022996914,0,0,0,MC,9,1,0,90,0,0,1
88,543,0,0,0,0,0,0,0,0,0,MC,9,0,0,81,57106,0,1
88,939,1,0,2,0.062075458,0.041442424,0,0,1,0.019972501,FWR,14,0,0,65,57107,0,1
88,656,0,0,2,0.105503745,0.105503745,0,0,0,0,FW,15,0,0,90,57105,0,1
88,536,0,0,1,0.022079172,0.042051673,0.019972501,1,2,0.337666512,FWL,16,0,0,90,0,0,1
88,1029,0,0,1,0.029268986,0.029268986,0,0,0,0,Sub,17,0,0,1,0,57103,1
88,1028,0,0,0,0,0.082506835,0.082506835,0,0,0,Sub,17,0,0,9,0,57101,1
88,800,0,0,0,0,0.082506835,0.082506835,0,0,0,Sub,17,0,0,25,0,57102,1
89,856,0,0,0,0,0.088657282,0.088657282,0,0,0,GK,1,0,0,90,0,0,1
89,944,0,0,1,0.110270232,0.198927507,0.088657282,0,0,0,DR,2,0,0,90,0,0,1
89,860,0,0,0,0,0.088657282,0.088657282,0,0,0,DC,3,0,0,90,0,0,1
89,859,0,0,0,0,0.088657282,0.088657282,0,0,0,DC,3,0,0,90,0,0,1
89,887,0,0,0,0,0.036593016,0.036593016,0,0,0,DL,4,0,0,48,57313,0,1
89,862,0,0,0,0,0.104705445,0.104705445,0,0,0,DMC,7,0,0,90,0,0,1
89,946,0,0,2,0.099435866,0.136028886,0.036593016,0,0,0,DMC,7,0,0,90,0,0,1
89,863,0,0,0,0,0.115484029,0.088657282,0,3,0.115484029,AMR,11,0,0,90,0,0,1
89,873,0,0,2,0.09768755,0.09768755,0,0,0,0,AMC,12,1,0,80,57315,0,1
89,864,0,0,1,0.065000139,0.065000139,0,0,0,0,AML,13,1,0,80,57314,0,1
89,868,0,0,1,0.016048167,0.036593016,0,0,1,0.020544849,FW,15,0,0,90,0,0,1
89,1007,0,0,0,0,0.088657282,0.088657282,0,0,0,Sub,17,0,0,10,0,57310,1
89,858,0,0,0,0,0.088657282,0.088657282,0,0,0,Sub,17,0,0,42,0,57306,1
89,1001,0,0,0,0,0,0,0,0,0,Sub,17,0,0,10,0,57311,1
89,487,0,0,0,0,0,0,0,0,0,GK,1,0,0,90,0,0,1
89,603,0,0,0,0,0.028104724,0,0,1,0.028104724,DR,2,0,0,90,0,0,1
89,602,0,0,1,0.0319595,0.013649341,0.013649341,0,0,0,DC,3,1,0,90,0,0,1
89,607,0,0,1,0.087718643,0.028104724,0.028104724,0,1,0.0319595,DC,3,1,0,90,0,0,1
89,987,0,0,0,0,0.013649341,0.013649341,1,1,0.013649341,DL,4,1,0,90,0,0,1
89,489,0,0,0,0,0,0,0,1,0.087718643,DMC,7,1,0,90,0,0,1
89,605,0,0,0,0,0.013649341,0.013649341,0,0,0,DMC,7,0,0,90,0,0,1
89,481,0,0,1,0.028104724,0.028104724,0,0,0,0,AMR,11,0,0,80,57327,0,1
89,488,1,0,3,0.045095164,0.161783874,0,0,1,0.116688713,AMC,12,0,0,90,0,0,1
89,486,0,0,1,0.020306408,0.020306408,0,0,0,0,AML,13,0,0,65,57328,0,1
89,606,0,0,1,0.116688713,0.116688713,0,0,0,0,FW,15,0,0,90,0,0,1
89,482,0,0,0,0,0,0,0,0,0,Sub,17,0,0,10,0,57323,1
89,604,0,0,0,0,0.013649341,0.013649341,0,0,0,Sub,17,0,0,25,0,57325,1
90,820,0,0,0,0,0.040322103,0.040322103,0,0,0,GK,1,0,0,90,0,0,1
90,819,0,0,0,0,0.069727249,0.069727249,0,0,0,DR,2,1,0,90,0,0,1
90,664,0,0,0,0,0.013520076,0.013520076,0,0,0,DC,3,0,0,90,0,0,1
90,804,0,0,1,0.132234931,0.056207173,0.056207173,0,0,0,DC,3,0,0,90,0,0,1
90,904,0,0,1,0.08945819,0.159185439,0.069727249,0,1,0.056207173,DL,4,0,0,90,0,0,1
90,812,0,0,2,0.024426023,0.024426023,0,0,1,0.132234931,MR,8,1,0,90,0,0,1
90,990,0,0,2,0.083009198,0.112663493,0.029654296,0,0,0,MC,9,0,0,90,0,0,1
90,809,0,0,0,0,0.188601613,0.172467396,0,1,0.016134221,MC,9,1,0,90,0,0,1
90,814,0,0,0,0,0,0,0,0,0,ML,10,0,0,47,57340,0,1
90,811,0,0,0,0,0.056207173,0.056207173,0,0,0,FW,15,0,0,81,57342,0,1
90,816,0,0,2,0.089975461,0.013520076,0,0,1,0.013520076,FW,15,0,0,75,57341,0,1
90,880,0,0,0,0,0.026802026,0,0,1,0.026802026,Sub,17,0,0,9,0,57339,1
90,808,0,0,0,0,0.069727249,0.069727249,0,0,0,Sub,17,1,0,43,0,57337,1
90,818,0,0,1,0.016134221,0.132394433,0.026802026,0,1,0.08945819,Sub,17,0,0,15,0,57338,1
90,609,0,0,0,0,0.466082722,0.466082722,0,0,0,GK,1,0,0,90,0,0,1
90,625,0,0,0,0,0.481326908,0.453646809,0,1,0.027680103,DR,2,0,0,90,0,0,1
90,612,1,0,1,0.017916672,0.092647195,0.092647195,0,0,0,DC,3,0,0,90,0,0,1
90,626,0,0,0,0,0.333129227,0.333129227,0,0,0,DC,3,0,0,90,0,0,1
90,621,0,0,3,0.221924633,0.431368828,0.15664351,0,3,0.21588333,DL,4,0,0,90,0,0,1
90,614,0,0,0,0,0.405264616,0.149888471,0,1,0.25537613,DMC,7,1,0,90,0,0,1
90,878,1,0,2,0.089890622,0.279594272,0.091309167,1,2,0.163361579,DMC,7,0,0,81,57354,0,1
90,616,0,0,2,0.08415588,0.497021914,0.387942493,0,2,0.141359806,AMR,11,0,0,90,0,0,1
90,617,1,0,4,0.2710886,0.743243515,0.339630485,1,4,0.283744693,AMC,12,0,0,90,0,0,1
90,618,0,0,2,0.357997477,0.617070436,0.259072989,0,0,0,AML,13,0,0,75,57356,0,1
90,622,0,0,3,0.220150039,0.28511712,0,1,1,0.064967096,FW,15,0,0,64,57355,0,1
90,877,0,0,1,0.08923541,0.08923541,0.08923541,0,0,0,Sub,17,0,0,15,0,57352,1
90,623,0,0,0,0,0.196196929,0.196196929,0,0,0,Sub,17,0,0,9,0,57349,1
90,619,0,0,2,0.630192816,0.719428241,0,0,1,0.08923541,Sub,17,0,0,26,0,57353,1
91,662,0,0,0,0,0,0,0,0,0,GK,1,0,0,90,0,0,1
91,674,0,0,0,0,0,0,0,0,0,DR,2,0,0,90,0,0,1
91,665,0,0,1,0.05489229,0,0,0,0,0,DC,3,0,0,90,0,0,1
91,875,0,0,0,0,0.015291361,0.015291361,0,0,0,DC,3,0,0,90,0,0,1
91,961,0,0,0,0,0,0,0,0,0,DL,4,0,0,90,0,0,1
91,668,0,0,1,0.065298036,0.065298036,0,0,0,0,MC,9,1,0,90,0,0,1
91,669,0,0,0,0,0.015291361,0,0,3,0.122203246,MC,9,0,0,90,0,0,1
91,677,0,0,0,0,0.065298036,0.065298036,0,0,0,MC,9,0,0,79,57369,0,1
91,672,0,0,1,0.031616874,0.09691491,0.065298036,0,0,0,FWR,14,1,0,90,0,0,1
91,890,0,0,1,0.052019592,0.065298036,0,0,1,0.065298036,FW,15,0,0,90,0,0,1
91,679,0,0,0,0,0.065298036,0.065298036,0,0,0,FWL,16,0,0,60,57368,0,1
91,667,0,0,0,0,0,0,0,0,0,Sub,17,0,0,11,0,57362,1
91,671,0,0,1,0.015291361,0.015291361,0,0,0,0,Sub,17,0,0,30,0,57367,1
91,560,0,0,0,0,0.058938436,0.058938436,0,0,0,GK,1,0,0,90,0,0,1
91,557,0,0,0,0,0.129395708,0.129395708,0,0,0,DR,2,1,0,90,0,0,1
91,548,0,0,0,0,0.029170752,0.029170752,0,0,0,DC,3,0,0,90,0,0,1
91,628,0,0,0,0,0.120036691,0.120036691,0,0,0,DC,3,0,0,90,0,0,1
91,1006,0,0,0,0,0.198786855,0.198786855,0,0,0,DL,4,0,0,90,0,0,1
91,551,0,0,1,0.044353921,0.37187472,0.37187472,0,0,0,DMC,7,0,0,90,0,0,1
91,654,0,0,0,0,0.152101055,0.152101055,0,0,0,DMC,7,0,0,61,57381,0,1
91,554,0,0,0,0,0.474396378,0.152101055,1,3,0.463387728,AMR,11,0,0,90,0,0,1
91,323,1,0,1,0.120036691,0.152101055,0.120036691,0,1,0.032064367,AMC,12,0,0,61,57382,0,1
91,555,0,0,7,0.496012956,0.562505543,0.120036691,0,1,0.044353921,AML,13,0,0,83,57383,0,1
91,629,0,0,0,0,0.058938436,0.049579415,0,2,0.058938436,FW,15,0,0,90,0,0,1
91,907,0,0,0,0,0.029170752,0.029170752,0,0,0,Sub,17,0,0,29,0,57376,1
91,552,0,0,0,0,0.029170752,0.029170752,0,1,0.029170752,Sub,17,1,0,29,0,57378,1
91,631,0,0,0,0,0,0,0,0,0,Sub,17,0,0,7,0,57379,1
92,846,0,0,0,0,0.172158211,0.172158211,0,0,0,GK,1,0,0,90,0,0,1
92,847,0,0,1,0.018986078,0.149619713,0.073504895,0,1,0.057128739,DR,2,0,0,90,0,0,1
92,845,0,0,0,0,0.185046956,0.185046956,0,0,0,DC,3,0,0,90,0,0,1
92,834,0,0,0,0,0.196154118,0.196154118,0,0,0,DC,3,0,0,90,0,0,1
92,884,0,0,1,0.012888757,0.087080248,0.074191496,0,0,0,DL,4,1,0,90,0,0,1
92,836,0,0,3,0.186991721,0.041594177,0.027915474,0,1,0.013678703,DMC,7,0,0,90,0,0,1
92,883,0,0,0,0,0.234672651,0.234672651,0,3,0.225325018,DMC,7,1,0,82,57481,0,1
92,840,0,0,1,0.103671648,0.286148489,0.012888757,0,2,0.169588089,AMR,11,0,0,49,57479,0,1
92,838,0,0,3,0.150283337,0.322441548,0.057128739,0,2,0.13440311,AMC,12,0,0,90,0,0,1
92,839,0,0,0,0,0.234672651,0.221783891,0,1,0.012888757,AML,13,0,0,75,57480,0,1
92,841,0,0,7,0.576397061,0.60577035,0.012888757,0,1,0.074191496,FW,15,1,0,90,0,0,1
92,842,0,0,0,0,0.18282944,0.167802721,0,2,0.125700712,Sub,17,1,0,41,0,57475,1
92,844,0,0,1,0.015026718,0.015026718,0,0,0,0,Sub,17,0,0,15,0,57477,1
92,843,0,0,0,0,0,0,0,0,0,Sub,17,0,0,8,0,57474,1
92,600,0,0,0,0,0,0,0,0,0,GK,1,0,0,90,0,0,1
92,585,0,0,0,0,0.150854379,0.150854379,1,1,0.114120461,DR,2,0,0,90,0,0,1
92,587,0,0,1,0.011485966,0.431438446,0.397151262,0,1,0.034287196,DC,3,0,0,90,0,0,1
92,586,0,0,0,0,0.508468211,0.508468211,0,0,0,DC,3,0,0,90,0,0,1
92,909,0,0,0,0,0.036733922,0.036733922,0,0,0,DL,4,0,0,90,57494,0,1
92,589,0,0,0,0,0.545558929,0.545558929,0,1,0.036733922,DMC,7,1,0,90,0,0,1
92,590,0,0,0,0,0.397151262,0.397151262,0,0,0,DMC,7,0,0,90,0,0,1
92,601,0,0,1,0.034287196,0.866438806,0.360417336,1,1,0.471734285,AMR,11,0,0,83,57495,0,1
92,592,1,0,3,0.538776338,1.060452342,0.508468211,1,1,0.077446386,AMC,12,1,0,90,0,0,1
92,596,0,0,2,0.330653489,0.441725641,0.150854379,0,1,0.011485966,AML,13,0,0,90,0,0,1
92,594,2,0,3,0.585914612,1.060452342,0.47453779,0,1,0.360417336,FW,15,0,0,90,57493,0,1
92,591,0,0,0,0,0,0,0,0,0,Sub,17,0,0,1,0,57492,1
92,977,0,0,0,0,0,0,0,0,0,Sub,17,0,0,1,0,57486,1
92,824,0,0,0,0,0.036733922,0.036733922,0,0,0,Sub,17,0,0,7,0,57489,1
93,580,0,0,0,0,0,0,0,0,0,GK,1,0,0,90,0,0,1
93,742,0,0,0,0,0,0,0,0,0,DR,2,0,0,90,0,0,1
93,927,0,0,0,0,0,0,0,0,0,DC,3,0,0,90,0,0,1
93,736,0,0,1,0.108557954,0,0,0,0,0,DC,3,0,0,90,0,0,1
93,730,0,0,0,0,0,0,0,0,0,DL,4,0,0,90,0,0,1
93,740,0,0,1,0.013818563,0.013818563,0,0,0,0,MR,8,0,0,49,57508,0,1
93,732,0,0,0,0,0.113262415,0.113262415,0,0,0,MC,9,0,0,90,0,0,1
93,738,0,0,0,0,0,0,0,0,0,MC,9,0,0,90,0,0,1
93,781,0,0,2,0.034551404,0.147813827,0.013818563,0,2,0.208001807,ML,10,1,0,90,0,0,1
93,735,0,0,0,0,0.147813827,0.113262415,0,2,0.034551404,FW,15,0,0,90,0,0,1
93,930,0,0,1,0.099443853,0.099443853,0,0,0,0,FW,15,0,0,73,57507,0,1
93,932,0,0,0,0,0,0,0,0,0,Sub,17,0,0,41,0,57501,1
93,919,1,0,1,0.072756432,0,0,0,0,0,Sub,17,0,0,17,0,57506,1
93,785,0,0,0,0,0,0,0,0,0,GK,1,0,0,90,0,0,1
93,926,1,0,1,0.171527684,0.278185755,0.278185755,0,0,0,DR,2,0,0,90,0,0,1
93,821,0,0,0,0,0,0,0,0,0,DC,3,1,0,90,0,0,1
93,788,1,0,1,0.589131892,0.106658079,0.106658079,0,0,0,DC,3,0,0,90,0,0,1
93,789,0,0,3,0.094405726,0.414645553,0.315725088,0,3,0.182594553,DL,4,0,0,90,0,0,1
93,791,0,0,0,0,0.106658079,0.106658079,0,0,0,DMC,7,1,0,90,0,0,1
93,801,0,0,1,0.117557682,0.479009926,0.361452222,0,0,0,DMC,7,0,0,90,0,0,1
93,790,1,0,3,0.277027845,0.66738677,0.446774065,0,3,0.102156237,AMR,11,0,0,86,57522,0,1
93,793,0,0,0,0,0.452370197,0.117557682,2,3,0.334812522,AMC,12,0,0,65,57520,0,1
93,792,0,0,2,0.108064972,0.357905656,0.123623647,0,1,0.126217037,AML,13,0,0,90,0,0,1
93,794,0,0,2,0.185316175,0.381234765,0.19591859,0,0,0,FW,15,0,0,71,57521,0,1
93,1011,0,0,4,0.170696318,0.229795471,0.059099149,0,0,0,Sub,17,0,0,25,0,57517,1
93,467,0,0,1,0.017201686,0.102645397,0.037884779,0,2,0.085443705,Sub,17,0,0,19,0,57519,1
93,796,0,0,0,0,0,0,0,0,0,Sub,17,0,0,4,0,57516,1
94,706,0,0,0,0,1.026004672,1.026004672,0,0,0,GK,1,0,0,90,0,0,1
94,718,0,0,1,0.018288253,1.531448722,1.488744736,0,2,0.062925778,DR,2,1,0,90,0,0,1
94,709,0,0,0,0,1.689162254,1.689162254,0,0,0,DC,3,0,0,90,0,0,1
94,708,0,0,0,0,1.561271667,1.54274869,0,1,0.018523009,DC,3,0,0,90,0,0,1
94,710,0,0,0,0,1.063974977,1.063974977,0,0,0,DL,4,0,0,90,0,0,1
94,769,0,0,5,0.149730489,1.703006387,1.626575232,1,3,0.916156709,DMC,7,0,0,90,0,0,1
94,712,0,0,2,0.103042334,1.663341403,1.586274743,0,3,0.075324774,DMC,7,0,0,90,0,0,1
94,713,1,0,3,0.637490213,1.481633663,0.823248982,0,2,0.054696281,AMR,11,1,0,74,57535,0,1
94,714,0,0,5,0.154607549,0.600618184,0.507411778,0,1,0.031486284,AMC,12,0,0,88,57534,0,1
94,715,0,0,1,0.031486284,0.697761774,0,1,4,0.666275501,AML,13,0,0,79,57536,0,1
94,717,1,0,1,0.823248982,1.345287681,0.522038639,0,0,0,FW,15,0,0,90,0,0,1
94,783,0,0,0,0,0.129641369,0.05634214,0,2,0.129641369,Sub,17,0,0,16,0,57530,1
94,719,0,0,1,0.05634214,0.074865147,0.018523009,0,0,0,Sub,17,0,0,11,0,57532,1
94,830,0,0,0,0,0.05634214,0.05634214,0,0,0,Sub,17,0,0,2,0,57531,1
94,982,0,0,0,0,0,0,0,0,0,GK,1,0,0,90,0,0,1
94,764,0,0,0,0,0,0,0,0,0,DR,2,0,1,40,0,0,1
94,941,0,0,0,0,0,0,0,0,0,DC,3,0,0,90,0,0,1
94,849,0,0,0,0,0,0,0,0,0,DC,3,0,0,90,0,0,1
94,943,0,0,0,0,0,0,0,0,0,DL,4,0,0,90,0,0,1
94,768,0,0,0,0,0.026121939,0.026121939,0,0,0,DMC,7,0,0,90,0,0,1
94,767,0,0,0,0,0.026121939,0.026121939,0,0,0,DMC,7,0,0,90,0,0,1
94,772,0,0,1,0.025811343,0.051933281,0,0,1,0.026121939,AMR,11,0,0,48,57550,0,1
94,771,0,0,1,0.035850815,0.026121939,0.026121939,0,0,0,AMC,12,0,0,90,0,0,1
94,851,0,0,2,0.051446449,0.051446449,0,0,0,0,AML,13,0,0,84,57549,0,1
94,850,0,0,0,0,0.02532451,0,0,1,0.02532451,FW,15,0,0,56,57548,0,1
94,765,0,0,0,0,0,0,0,0,0,Sub,17,0,0,42,0,57544,1
94,915,0,0,0,0,0,0,0,0,0,Sub,17,0,0,34,0,57547,1
94,773,0,0,0,0,0,0,0,0,0,Sub,17,1,0,6,0,57546,1
95,637,0,0,0,0,0.320185214,0.320185214,0,0,0,GK,1,0,0,90,0,0,1
95,638,0,0,0,0,0.320185214,0.320185214,0,0,0,DR,2,1,0,90,0,0,1
95,640,0,0,0,0,0.320185214,0.320185214,0,0,0,DC,3,0,0,90,0,0,1
95,639,0,0,0,0,0.320185214,0.320185214,0,0,0,DC,3,0,0,90,0,0,1
95,660,0,0,1,0.07176286,0.417892575,0.346129715,1,1,0.303854972,DL,4,1,0,90,0,0,1
95,643,1,0,1,0.127397299,0.644221544,0.644221544,0,2,0.144284144,DMC,7,0,0,90,0,0,1
95,649,0,0,3,0.455086529,0.471416742,0.134669885,0,1,0.016330231,DMC,7,0,0,71,57562,0,1
95,642,0,0,2,0.049428727,0.503094256,0.453665495,0,0,0,AMR,11,0,0,90,0,0,1
95,648,1,0,1,0.303854972,0.945616305,0.118339658,0,2,0.523421645,AMC,12,0,0,90,0,0,1
95,646,0,0,3,0.147414207,0.5239411,0.479609996,1,2,0.127397299,AML,13,0,0,90,0,0,1
95,647,0,0,1,0.499937415,1.139118195,0.320185214,0,1,0.318995625,FW,15,0,0,66,57563,0,1
95,644,0,0,1,0.052492719,0.052492719,0,0,0,0,Sub,17,0,0,24,0,57561,1
95,914,0,0,0,0,0,0,0,0,0,Sub,17,0,0,19,0,57556,1
95,856,0,0,0,0,0,0,0,0,0,GK,1,0,0,90,0,0,1
95,944,0,0,0,0,0.479234576,0.452725351,0,1,0.026509214,DR,2,0,0,90,0,0,1
95,860,0,0,0,0,0.044477858,0.044477858,0,0,0,DC,3,1,0,90,0,0,1
95,859,0,0,0,0,0.355092585,0.355092585,0,0,0,DC,3,0,0,90,0,0,1
95,887,0,0,0,0,1.094197989,1.094197989,0,1,0.098236464,DL,4,0,0,90,0,0,1
95,862,0,0,0,0,0.479603827,0.453329057,0,1,0.026274789,DMC,7,1,0,90,0,0,1
95,946,0,0,2,0.089086577,0.411393911,0.322307318,0,0,0,DMC,7,0,0,61,57575,0,1
95,863,0,0,1,0.098236464,0.42054379,0.01640445,0,2,0.322307318,AMR,11,0,0,61,57576,0,1
95,864,0,0,1,0.01640445,0.602937043,0.586532593,0,1,0.034097813,AMC,12,0,0,90,0,0,1
95,865,1,0,4,0.878221571,1.359360218,1.288607597,0,1,0.417309076,AML,13,0,0,90,57577,0,1
95,868,1,0,5,1.279160619,1.295565128,0.01640445,0,0,0,FW,15,0,0,90,0,0,1
95,867,0,0,1,0.417309076,1.306576252,0.844789326,1,3,0.889267147,Sub,17,0,0,29,0,57570,1
95,866,0,0,1,0.034097813,0.125706181,0.044477858,0,1,0.081228323,Sub,17,0,0,29,0,57571,1
95,873,0,0,0,0,0,0,0,0,0,Sub,17,0,0,1,0,57573,1
96,564,0,0,0,0,0.040544108,0.040544108,0,0,0,GK,1,0,0,90,0,0,1
96,565,0,0,1,0.056278761,0.429548234,0.373269469,0,0,0,DR,2,1,0,90,0,0,1
96,581,0,0,0,0,0.298747867,0.281886697,0,1,0.016861184,DC,3,0,0,90,0,0,1
96,566,0,0,0,0,0.185795754,0.185795754,0,0,0,DC,3,0,0,90,0,0,1
96,577,0,0,0,0,0.488331854,0.432053089,0,3,0.195935562,DL,4,0,0,90,0,0,1
96,570,0,0,0,0,0.213375062,0.213375062,0,0,0,DMC,7,0,0,90,0,0,1
96,572,0,0,1,0.022711726,0.383115977,0.299289614,0,2,0.08852414,DMC,7,0,0,90,0,0,1
96,1016,0,0,0,0,0.130250916,0.130250916,0,1,0.052275099,AMR,11,0,0,56,57590,0,1
96,573,0,0,6,0.371274441,0.371274441,0,0,0,0,AMC,12,0,0,90,0,0,1
96,582,0,0,3,0.145894021,0.414454371,0.303800225,0,3,0.081011295,AML,13,0,0,85,57589,0,1
96,574,0,0,4,0.137984172,0.45258522,0.184669212,0,4,0.129931852,FW,15,0,0,90,0,0,1
96,569,0,0,1,0.026704669,0.177806854,0.177806854,0,1,0.128390461,Sub,17,0,0,34,0,57585,1
96,744,0,0,0,0,0.026704669,0.026704669,0,0,0,Sub,17,0,0,5,0,57587,1
96,820,0,0,0,0,0,0,0,0,0,GK,1,0,0,90,0,0,1
96,804,0,0,0,0,0.060072668,0,0,1,0.060072668,DR,2,0,0,90,0,0,1
96,805,0,0,0,0,0.012857892,0.012857892,0,0,0,DC,3,1,0,90,0,0,1
96,806,0,0,0,0,0,0,0,1,0.38398093,DC,3,0,0,90,0,0,1
96,904,0,0,1,0.043871298,0.012857892,0.012857892,0,0,0,DL,4,0,0,90,0,0,1
96,990,0,0,0,0,0.012857892,0.012857892,0,1,0.012857892,MR,8,0,0,90,0,0,1
96,808,0,0,0,0,0,0,0,0,0,MC,9,0,0,90,0,0,1
96,809,0,0,0,0,0,0,0,0,0,MC,9,0,0,90,0,0,1
96,812,0,0,0,0,0,0,0,1,0.1172003,ML,10,0,0,63,57603,0,1
96,811,0,0,2,0.450034231,0.012857892,0.012857892,0,0,0,FW,15,0,0,90,57604,0,1
96,816,0,0,2,0.130058199,0.012857892,0,0,1,0.066053316,FW,15,1,0,70,57602,0,1
96,814,0,0,0,0,0,0,0,0,0,Sub,17,0,0,20,0,57601,1
96,813,0,0,1,0.060072668,0.060072668,0,0,0,0,Sub,17,0,0,27,0,57599,1
96,880,0,0,0,0,0,0,0,0,0,Sub,17,0,0,1,0,57600,1
97,527,0,0,0,0,0.056947451,0.056947451,0,0,0,GK,1,0,1,90,0,0,1
97,938,0,0,1,0.023028918,0.089009196,0.065980278,0,0,0,DR,2,1,0,90,0,0,1
97,529,0,0,0,0,0.122927725,0.122927725,0,0,0,DC,3,0,0,90,0,0,1
97,528,0,0,0,0,0.12122041,0.12122041,0,0,0,DC,3,0,0,90,0,0,1
97,534,0,0,0,0,0.206399426,0.176249102,0,1,0.030150333,DL,4,0,0,90,0,0,1
97,533,0,0,1,0.030292455,0.126423061,0.09613061,0,1,0.065980278,MC,9,0,0,90,0,0,1
97,543,0,0,0,0,0,0,0,0,0,MC,9,0,0,49,57618,0,1
97,532,0,0,1,0.030150333,0.259424299,0.13025324,1,1,0.09902072,MC,9,0,0,79,57616,0,1
97,939,0,0,1,0.035763975,0.206399426,0.206399426,0,1,0.042328488,FWR,14,0,0,86,57617,0,1
97,656,0,0,3,0.172306761,0.228998989,0.09902072,0,0,0,FW,15,0,0,90,0,0,1
97,536,1,0,3,0.221948445,0.309250325,0.053321373,0,3,0.087301873,FWL,16,0,0,90,0,0,1
97,1029,0,0,0,0,0,0,0,0,0,Sub,17,0,0,4,0,57613,1
97,542,0,0,0,0,0.096272729,0.096272729,0,0,0,Sub,17,0,0,41,0,57612,1
97,535,0,0,0,0,0.095997758,0,0,1,0.095997758,Sub,17,0,0,11,0,57610,1
97,745,0,0,0,0,0,0,0,0,0,GK,1,0,0,90,0,0,1
97,955,0,0,0,0,0,0,0,0,0,DR,2,0,0,69,57631,0,1
97,747,0,0,1,0.091246352,0,0,0,0,0,DC,3,0,0,90,0,0,1
97,748,0,0,0,0,0.437570691,0.437570691,0,0,0,DC,3,0,0,90,0,0,1
97,757,0,0,1,0.020776367,0.334030211,0.31325385,0,1,0.193521768,DL,4,0,0,90,0,0,1
97,750,1,0,3,0.365563422,0.631092489,0,0,2,0.354519725,MR,8,0,0,85,57630,0,1
97,784,0,0,0,0,0.31325385,0.31325385,0,1,0.020776367,MC,9,0,0,90,0,0,1
97,752,0,0,1,0.317838609,0.437570691,0.119732082,0,0,0,MC,9,0,0,90,0,0,1
97,753,0,0,2,0.057153627,0.432227969,0.411755443,1,1,0.119732082,ML,10,0,0,90,0,0,1
97,755,0,0,0,0,0.411755443,0.119732082,0,2,0.383269727,FW,15,1,0,90,0,0,1
97,754,1,0,2,1.231021523,1.350753546,0.119732082,0,0,0,FW,15,1,0,65,57632,0,1
97,751,0,0,0,0,0.317838609,0.317838609,0,0,0,Sub,17,0,0,25,0,57628,1
97,749,0,0,0,0,0,0,0,0,0,Sub,17,0,0,5,0,57624,1
97,974,0,0,0,0,0,0,0,0,0,Sub,17,1,0,21,0,57620,1
98,635,0,0,0,0,0,0,0,0,0,GK,1,0,0,90,0,0,1
98,510,1,0,2,0.122317947,0.43098852,0.409076393,0,0,0,DR,2,0,0,90,0,0,1
98,512,0,0,0,0,0.088110238,0.088110238,0,0,0,DC,3,0,0,90,0,0,1
98,511,0,1,0,0,0.088110238,0.088110238,0,0,0,DC,3,0,0,90,0,0,1
98,513,0,0,0,0,0.088110238,0.088110238,0,0,0,DL,4,0,0,90,0,0,1
98,522,0,0,0,0,0.409076393,0,0,1,0.409076393,MR,8,0,0,77,57397,0,1
98,516,0,0,3,0.068353489,0.445079476,0.409076393,0,0,0,MC,9,0,0,90,0,0,1
98,514,0,0,3,0.192405298,0.64282757,0.519098759,0,4,0.215654939,MC,9,0,0,90,0,0,1
98,633,0,0,0,0,0.110022373,0.088110238,1,1,0.021912133,MC,9,1,0,81,57395,0,1
98,518,0,0,0,0,0.021912133,0.021912133,0,0,0,ML,10,0,0,47,57396,0,1
98,519,0,0,2,0.472541332,0.564746499,0.067559853,0,1,0.088110238,FW,15,0,0,90,0,0,1
98,632,0,0,1,0.136153266,0.088110238,0.088110238,0,0,0,Sub,17,0,0,43,0,57393,1
98,526,0,0,0,0,0,0,0,0,0,Sub,17,0,0,13,0,57389,1
98,822,0,0,0,0,0,0,0,0,0,Sub,17,0,0,9,0,57392,1
98,491,0,0,0,0,0.143724456,0.097016998,0,1,0.046707451,GK,1,0,0,90,0,0,1
98,492,0,0,0,0,0.272366971,0.272366971,0,1,0.04320221,DR,2,0,0,90,0,0,1
98,494,0,0,1,0.010504056,0.405546039,0.405546039,0,0,0,DC,3,0,0,90,0,0,1
98,507,0,0,0,0,0.132147759,0.132147759,0,0,0,DC,3,0,0,90,0,0,1
98,495,0,0,0,0,0.374162942,0.272366971,0,1,0.101795971,DL,4,0,0,90,0,0,1
98,497,0,0,0,0,0.450415909,0.450415909,0,0,0,DMC,7,1,0,65,57410,0,1
98,965,0,0,2,0.177645013,1.211346865,0.965880573,0,4,0.189849079,DMC,7,0,0,90,0,0,1
98,504,0,0,4,0.327052414,0.941906452,0.460511386,0,4,0.372838855,AMR,11,0,0,90,0,0,1
98,499,0,0,1,0.067234382,1.208100557,0.493695676,1,5,0.810405672,AMC,12,0,0,84,57411,0,1
98,498,1,0,7,1.26864028,1.860113859,0.59147352,0,0,0,AML,13,0,0,76,57409,0,1
98,502,1,0,3,0.309258401,0.517436206,0.140943408,0,1,0.067234382,FW,15,0,0,90,0,0,1
98,545,0,0,0,0,0,0,0,0,0,Sub,17,0,0,6,0,57406,1
98,970,0,0,0,0,0,0,0,0,0,Sub,17,0,0,14,0,57407,1
98,966,0,0,2,0.124260239,0.264414519,0.140154302,0,0,0,Sub,17,0,0,25,0,57403,1
99,609,0,0,0,0,0.613321006,0.613321006,0,0,0,GK,1,0,0,90,0,0,1
99,625,0,0,0,0,0.096845888,0.096845888,0,0,0,DR,2,0,0,90,0,0,1
99,626,0,0,1,0.35884279,1.147160888,1.147160888,0,0,0,DC,3,1,0,90,0,0,1
99,612,1,0,1,0.069106646,0.82246834,0.82246834,0,0,0,DC,3,1,0,90,0,0,1
99,621,0,0,0,0,0.915373147,0.751190305,0,4,1.136346579,DL,4,0,0,90,0,0,1
99,878,0,0,4,0.202098712,0.576511919,0.435131371,1,3,0.238073662,DMC,7,1,0,90,0,0,1
99,614,1,0,1,0.063387692,1.051888585,0.960867703,0,1,0.027633216,DMC,7,1,0,90,0,0,1
99,616,0,0,1,0.033006754,0.481038034,0.218106136,0,3,0.229925141,AMR,11,0,0,69,57452,0,1
99,617,0,0,0,0,1.289536238,0.903796017,2,3,0.454846859,AMC,12,0,0,90,0,0,1
99,618,0,0,2,0.061952319,1.2948879,1.232935548,0,0,0,AML,13,0,0,83,57451,0,1
99,619,1,0,7,1.380403399,1.606979012,0.272327513,0,2,0.060052842,FW,15,0,0,88,57453,0,1
99,877,0,0,1,0.027633216,0.044179648,0,0,1,0.016546432,Sub,17,0,0,21,0,57447,1
99,622,0,0,0,0,0,0,0,0,0,Sub,17,0,0,2,0,57450,1
99,623,0,0,0,0,0,0,0,0,0,Sub,17,0,0,7,0,57449,1
99,694,0,0,0,0,0.024148151,0.024148151,0,0,0,GK,1,0,0,90,0,0,1
99,682,0,0,1,0.015697125,0.106399275,0.051348917,0,1,0.039353233,DR,2,1,0,90,0,0,1
99,917,0,0,0,0,0,0,0,0,0,DC,3,0,0,50,57467,0,1
99,699,0,0,1,0.033316869,0.051348917,0.051348917,0,0,0,DC,3,0,0,90,0,0,1
99,681,0,0,0,0,0.051348917,0.024148151,0,1,0.027200766,DL,4,0,0,90,0,0,1
99,697,0,0,1,0.047668114,0.186198756,0.186198756,0,0,0,DMC,7,0,0,90,0,0,1
99,686,0,0,1,0.022531193,0.171609417,0.051348917,0,2,0.121877462,DMC,7,0,0,90,0,0,1
99,936,0,0,0,0,0,0,0,0,0,AMR,11,0,0,68,57465,0,1
99,700,0,0,1,0.027200766,0.027200766,0,0,0,0,AMC,12,0,0,83,57466,0,1
99,701,0,0,1,0.134849846,0.186198756,0.051348917,0,2,0.063365236,AML,13,1,0,90,0,0,1
99,802,0,0,1,0.09772931,0.304033667,0.071454518,0,1,0.134849846,FW,15,0,0,90,0,0,1
99,935,0,0,0,0,0,0,0,0,0,Sub,17,0,0,40,0,57456,1
99,1089,0,0,1,0.039353233,0.039353233,0,0,0,0,Sub,17,0,0,22,0,57461,1
99,696,0,0,2,0.06840191,0.06840191,0,0,0,0,Sub,17,0,0,7,0,57462,1
100,487,0,0,0,0,0.138492525,0.138492525,0,0,0,GK,1,0,0,90,0,0,1
100,603,0,0,1,0.026128866,0.609411597,0.583282769,0,1,0.47580108,DR,2,0,0,90,0,0,1
100,607,0,0,0,0,0.755146205,0.755146205,0,1,0.016912021,DC,3,0,0,90,0,0,1
100,602,0,0,0,0,0.228197843,0.228197843,0,0,0,DC,3,0,0,90,0,0,1
100,987,0,0,0,0,0.374094129,0.374094129,0,0,0,DL,4,1,0,90,0,0,1
100,489,0,0,2,0.166010439,0.261568785,0.123076275,0,1,0.026856832,DMC,7,0,0,90,0,0,1
100,605,0,0,1,0.026856832,0.097279757,0.097279757,1,1,0.52978617,DMC,7,0,0,53,57424,0,1
100,488,0,0,8,0.791315317,0.738259673,0.089705318,0,0,0,AMR,11,0,0,82,57425,0,1
100,486,0,0,1,0.094458036,0.389102578,0.245974213,0,1,0.048670318,AMC,12,0,0,90,0,0,1
100,481,0,0,2,0.065582342,0.248512089,0.061349243,0,1,0.138492525,AML,13,0,0,71,57423,0,1
100,606,1,0,3,1.025211573,0.869519472,0.18462497,0,4,0.235601589,FW,15,0,0,90,0,0,1
100,604,0,0,0,0,0.519373953,0.519373953,0,1,0.027517924,Sub,17,0,0,37,0,57417,1
100,608,0,0,0,0,0,0,0,0,0,Sub,17,0,0,8,0,57419,1
100,482,0,0,0,0,0.47580108,0.47580108,0,0,0,Sub,17,0,0,19,0,57421,1
100,455,0,0,0,0,0,0,0,0,0,GK,1,0,0,90,0,0,1
100,456,0,0,0,0,0.095550522,0.071656294,0,1,0.023894228,DR,2,0,0,90,0,0,1
100,458,0,0,1,0.036189649,0.091988161,0.091988161,0,0,0,DC,3,1,0,90,0,0,1
100,457,0,0,0,0,0.056477562,0.056477562,0,0,0,DC,3,0,0,90,0,0,1
100,459,0,0,0,0,0.136998519,0.136998519,0,0,0,DL,4,0,0,90,0,0,1
100,461,0,0,5,0.161470026,0.313051105,0.128133863,0,2,0.067828521,MR,8,1,0,90,0,0,1
100,472,0,0,2,0.086189851,0.22318837,0.136998519,0,2,0.050574418,MC,9,1,0,88,57439,0,1
100,460,0,0,0,0,0.151532069,0.136998519,0,1,0.01453356,MC,9,0,0,90,0,0,1
100,464,0,0,0,0,0.075021371,0.044646721,0,3,0.095319241,ML,10,0,0,82,57438,0,1
100,468,0,0,1,0.023447216,0.130977735,0,0,2,0.107530527,FW,15,0,0,90,0,0,1
100,465,0,0,1,0.028754938,0.08052095,0.035874229,0,1,0.044646721,FW,15,0,0,62,57437,0,1
100,462,0,0,0,0,0,0,0,0,0,Sub,17,0,0,2,0,57433,1
100,975,0,0,3,0.124753095,0.110746443,0.030374652,0,0,0,Sub,17,1,0,28,0,57435,1
100,825,0,0,0,0,0.056477562,0,0,1,0.056477562,Sub,17,0,0,8,0,57434,1
101,560,0,0,0,0,0.014860285,0.014860285,0,0,0,GK,1,0,0,90,0,0,1
101,557,0,0,0,0,0.163047969,0.099464066,0,1,0.063583903,DR,2,1,0,78,62817,0,1
101,628,0,0,1,0.121258855,0.202068731,0.202068731,0,0,0,DC,3,0,0,90,0,0,1
101,548,0,0,1,0.014860285,0.035097994,0.020237708,0,1,0.027707029,DC,3,0,0,90,0,0,1
101,1006,0,0,1,0.069246285,0.21083048,0.104310572,0,2,0.056980416,DL,4,1,0,90,0,0,1
101,907,0,0,0,0,0.084863767,0.084863767,0,1,0.016407399,DMC,7,0,0,60,62819,0,1
101,551,0,0,0,0,0.226959556,0.157713264,0,1,0.069246285,DMC,7,0,0,90,0,0,1
101,554,0,0,5,0.261915594,0.450325608,0.122842371,0,5,0.185630158,AMR,11,0,0,90,0,0,1
101,323,0,0,2,0.073045418,0.087905698,0.014860285,0,0,0,AMC,12,0,0,68,62818,0,1
101,555,0,0,4,0.126981437,0.195147008,0.114374816,0,1,0.121258855,AML,13,0,0,90,0,0,1
101,629,0,0,3,0.118047096,0.276818573,0.069246285,0,2,0.089525193,FW,15,0,0,90,0,0,1
101,191,0,0,1,0.387087554,0.429427654,0,0,1,0.042340081,Sub,17,0,0,22,0,62814,1
101,654,0,0,1,0.029377442,0.071717523,0.042340081,0,0,0,Sub,17,0,0,30,0,62812,1
101,627,0,0,1,0.063670747,0.063670747,0,0,0,0,Sub,17,0,0,12,0,62807,1
101,982,0,0,0,0,0,0,0,0,0,GK,1,0,0,90,0,0,1
101,849,0,0,0,0,0.124688484,0.124688484,0,1,0.014132944,DR,2,0,0,90,0,0,1
101,941,0,0,0,0,0,0,0,0,0,DC,3,0,0,90,0,0,1
101,765,0,0,0,0,0.014132944,0.014132944,0,0,0,DC,3,0,0,90,0,0,1
101,943,0,0,0,0,0,0,0,0,0,DL,4,1,0,90,0,0,1
101,768,0,0,0,0,0,0,0,1,0.068648472,DMC,7,0,0,90,0,0,1
101,767,0,0,0,0,0.014132944,0.014132944,0,0,0,DMC,7,0,0,90,0,0,1
101,851,0,0,0,0,0.038860269,0.014132944,0,1,0.024727326,AMR,11,1,0,70,62831,0,1
101,771,0,0,0,0,0.149415806,0.038860269,0,2,0.235874698,AMC,12,0,0,90,0,0,1
101,770,0,0,2,0.052905306,0.067038253,0.014132944,0,1,0.066839047,AML,13,0,0,79,62833,0,1
101,773,0,0,4,0.274939626,0.038860269,0.024727326,0,0,0,FW,15,0,0,89,62832,0,1
101,854,0,0,0,0,0.110555537,0.110555537,0,0,0,Sub,17,0,0,11,0,62829,1
101,942,0,0,0,0,0.110555537,0.110555537,0,0,0,Sub,17,0,0,20,0,62827,1
101,850,0,0,1,0.110555537,0.110555537,0,0,0,0,Sub,17,0,0,1,0,62830,1
102,785,0,0,0,0,0,0,0,0,0,GK,1,0,0,90,0,0,1
102,926,0,0,1,0.093181334,0.123344727,0.030163394,0,0,0,DR,2,1,0,90,0,0,1
102,788,1,0,2,0.651484013,0.035133712,0.035133712,0,0,0,DC,3,1,0,90,0,0,1
102,821,0,0,0,0,0.017595932,0.017595932,0,0,0,DC,3,1,0,90,0,0,1
102,789,0,0,3,0.096752584,0.359601557,0.018301915,0,4,0.785809994,DL,4,0,0,90,0,0,1
102,790,0,0,4,0.483664811,0.393488169,0.289488256,1,4,0.690340996,MR,8,0,0,90,0,0,1
102,791,0,0,1,0.015274866,0.416115224,0.400840342,0,0,0,MC,9,1,0,90,0,0,1
102,801,0,0,3,0.075424142,0.120234258,0.083599016,0,2,0.108456202,MC,9,0,0,90,0,0,1
102,792,0,0,1,0.02131916,0.683994114,0.296968281,0,2,0.384008557,ML,10,0,0,88,62927,0,1
102,793,0,0,1,0.26107043,0.690648258,0.429577827,0,1,0.014888528,AMC,12,0,0,79,62928,0,1
102,794,0,0,3,0.97551322,0.418062359,0.015274866,0,0,0,FW,15,0,0,90,0,0,1
102,1011,0,0,1,0.475191087,0.054676779,0.054676779,0,1,0.03708085,Sub,17,0,0,11,0,62925,1
102,796,0,0,0,0,0.03708085,0.03708085,0,0,0,Sub,17,0,0,2,0,62924,1
102,856,0,0,0,0,0,0,0,0,0,GK,1,0,0,90,0,0,1
102,944,0,0,0,0,0.020515557,0.020515557,0,0,0,DR,2,0,0,90,0,0,1
102,860,0,0,0,0,0.059657805,0.059657805,0,0,0,DC,3,0,0,90,0,0,1
102,859,0,0,0,0,0.020515557,0.020515557,0,0,0,DC,3,0,0,90,0,0,1
102,887,0,0,0,0,0.044656046,0.044656046,0,0,0,DL,4,1,0,90,0,0,1
102,862,0,0,0,0,0.044656046,0.044656046,0,1,0.020515557,DMC,7,0,0,90,0,0,1
102,946,0,0,1,0.015001757,0.059657805,0.020515557,0,1,0.02414049,DMC,7,0,0,81,62942,0,1
102,888,0,0,1,0.02414049,0.044656046,0.020515557,1,2,0.567353249,AMR,11,0,0,90,0,0,1
102,864,0,0,0,0,0.02414049,0.02414049,0,0,0,AMC,12,0,0,59,62940,0,1
102,865,0,0,0,0,0.039142247,0.02414049,0,1,0.015001757,AML,13,0,0,59,62941,0,1
102,868,1,0,1,0.290176392,0.020515557,0.020515557,0,0,0,FW,15,0,0,90,0,0,1
102,867,0,0,1,0.071217299,0.091732852,0.020515557,0,0,0,Sub,17,0,0,31,0,62937,1
102,866,0,0,2,0.297692448,0.020515557,0,0,0,0,Sub,17,0,0,31,0,62938,1
102,873,0,0,0,0,0,0,0,0,0,Sub,17,0,0,9,0,62935,1
103,580,0,0,0,0,0,0,0,0,0,GK,1,0,0,90,0,0,1
103,742,0,0,0,0,0.065551497,0,0,1,0.065551497,DR,2,0,0,90,0,0,1
103,729,0,0,0,0,0,0,0,0,0,DC,3,0,0,90,0,0,1
103,927,0,0,1,0.086354323,0,0,0,1,0.084305763,DC,3,1,0,90,0,0,1
103,730,0,0,2,0.033858798,0.065551497,0.065551497,0,0,0,DL,4,1,0,90,0,0,1
103,738,0,0,0,0,0,0,0,0,0,DMC,7,1,0,90,0,0,1
103,781,0,0,2,0.128106952,0.176611722,0.065551497,1,1,0.072117634,MR,8,1,0,90,63036,0,1
103,733,0,0,2,0.08329308,0.122235678,0,0,1,0.038942594,MC,9,0,0,90,0,0,1
103,732,0,0,0,0,0.155410707,0.137669131,0,3,0.119780257,MC,9,0,0,90,0,0,1
103,735,1,0,1,0.072117634,0.137669131,0.065551497,0,0,0,ML,10,0,0,89,63037,0,1
103,932,0,0,1,0.084305763,0.072117634,0.072117634,0,0,0,FW,15,0,0,70,63038,0,1
103,930,0,0,0,0,0,0,0,0,0,Sub,17,0,0,20,0,63035,1
103,740,0,0,1,0.083009571,0,0,0,0,0,Sub,17,0,0,1,0,63031,1
103,919,0,0,0,0,0,0,0,0,0,Sub,17,0,0,1,0,63034,1
103,706,0,0,0,0,0.010999177,0.010999177,0,0,0,GK,1,0,0,90,0,0,1
103,718,0,0,0,0,0.902733326,0.794404328,1,5,0.161852419,DR,2,0,0,90,0,0,1
103,708,0,0,1,0.07005135,0.677603543,0.677603543,0,0,0,DC,3,0,0,90,0,0,1
103,709,0,0,0,0,0.432076931,0.432076931,0,0,0,DC,3,0,0,90,0,0,1
103,710,0,0,0,0,0.452605307,0.418470949,0,1,0.034134377,DL,4,0,0,90,0,0,1
103,769,0,0,3,0.088041998,0.704814792,0.340424269,0,4,0.71632719,DMC,7,0,0,90,0,0,1
103,712,0,0,0,0,0.587853789,0.587853789,0,1,0.019786915,DMC,7,0,0,90,0,0,1
103,713,0,0,6,0.789799273,0.860996068,0.758684516,0,1,0.050059713,AMR,11,1,0,90,0,0,1
103,714,0,0,4,0.187825188,0.75251931,0.37742278,0,4,0.187271327,AMC,12,1,0,90,0,0,1
103,715,0,0,2,0.118527465,0.746406019,0.483391404,0,2,0.2145385,AML,13,0,0,90,0,0,1
103,717,1,0,4,0.314675719,0.772478998,0.348915637,0,1,0.10888765,FW,15,0,0,79,63050,0,1
103,963,0,0,0,0,0.020519771,0.020519771,0,0,0,Sub,17,0,0,11,0,63049,1
104,635,0,0,0,0,0,0,0,0,0,GK,1,0,0,90,0,0,1
104,510,0,0,0,0,0.473956078,0.101143658,0,1,0.37281242,DR,2,1,0,90,0,0,1
104,511,0,0,0,0,0,0,0,0,0,DC,3,0,0,90,0,0,1
104,512,1,0,1,0.093610682,0.094199151,0.037396304,1,1,0.056802846,DC,3,0,0,90,0,0,1
104,513,0,1,0,0,0.25849995,0.221103638,0,1,0.037396304,DL,4,0,0,90,0,0,1
104,516,0,0,2,0.090064183,0.493283808,0.37281242,0,3,0.162545234,DMC,7,1,0,85,62488,0,1
104,633,0,0,0,0,0.233001813,0.104128338,0,2,0.128873467,DMC,7,0,0,90,0,0,1
104,522,0,0,1,0.032730229,0.077067435,0.027729815,0,1,0.016607393,AMR,11,0,0,49,62490,0,1
104,514,0,0,3,0.162196815,0.383046329,0.20449625,1,2,0.126340911,AMC,12,1,0,90,0,0,1
104,520,1,0,6,0.671772182,0.671772182,0,0,0,0,AML,13,0,0,90,0,0,1
104,882,0,0,1,0.053426694,0,0,0,1,0,FW,15,0,0,49,62489,0,1
104,743,0,0,1,0.092741556,0.382038414,0.289296865,0,1,0.084024869,Sub,17,0,0,41,0,62484,1
104,515,0,0,0,0,0,0,0,0,0,Sub,17,0,0,5,0,62482,1
104,632,0,0,1,0.041525442,0.611207783,0.56968236,0,1,0.104128338,Sub,17,0,0,41,0,62487,1
104,662,0,0,0,0,0.046710726,0.046710726,0,0,0,GK,1,0,0,90,0,0,1
104,674,0,0,1,0.050537705,0.097248428,0.046710726,0,0,0,DR,2,1,0,90,0,0,1
104,875,0,0,0,0,0,0,0,0,0,DC,3,1,0,90,0,0,1
104,665,0,0,0,0,0.058299713,0.058299713,0,0,0,DC,3,0,0,90,0,0,1
104,961,0,0,1,0.01158899,0.01158899,0,0,0,0,DL,4,0,0,90,0,0,1
104,667,0,0,1,0.0184325,0.114268295,0.046710726,0,1,0.049125072,MC,9,0,0,72,62502,0,1
104,668,0,0,1,0.021566356,0.16298528,0.116274558,0,1,0.046710726,MC,9,0,0,90,0,0,1
104,669,0,0,1,0.025951941,0.534638941,0.100858584,0,5,0.541569173,MC,9,0,0,90,0,0,1
104,675,0,0,2,0.095835797,0.149983659,0.054147862,0,1,0.071899623,AMC,12,0,0,90,0,0,1
104,671,0,0,3,0.158122092,0.172758207,0.046710726,0,0,0,FW,15,1,0,90,0,0,1
104,890,1,0,1,0.383242637,0.499517202,0.104685567,0,1,0.01158899,FW,15,0,0,90,0,0,1
104,900,0,0,0,0,0,0,0,0,0,Sub,17,0,0,18,0,62496,1
105,745,0,0,0,0,0.014999624,0.014999624,0,0,0,GK,1,0,0,90,0,0,1
105,955,0,0,0,0,0.014999624,0,0,2,0.044157192,DR,2,0,0,90,0,0,1
105,748,0,0,1,0.285109699,0.059128638,0.059128638,0,0,0,DC,3,0,0,90,0,0,1
105,747,0,0,0,0,0,0,0,0,0,DC,3,0,0,90,0,0,1
105,757,0,0,0,0,0.044129014,0.044129014,0,0,0,DL,4,0,0,90,0,0,1
105,750,1,0,4,0.145839304,0.203789055,0,0,2,0.34305945,MR,8,0,0,90,62705,0,1
105,752,0,0,2,0.087107323,0.057949759,0,0,0,0,MC,9,0,0,82,62707,0,1
105,784,0,0,1,0.044353481,0.068362124,0.044129014,0,1,0.024233108,MC,9,1,0,90,0,0,1
105,753,0,0,2,0.082362451,0.181027964,0,0,1,0.098665521,ML,10,0,0,80,62706,0,1
105,754,0,0,1,0.098665521,0.142794535,0.044129014,0,0,0,FW,15,0,0,90,0,0,1
105,755,0,0,1,0.079442687,0.160838917,0.039232735,1,3,0.121606186,FW,15,0,0,90,0,0,1
105,751,0,0,0,0,0,0,0,0,0,Sub,17,0,0,10,0,62702,1
105,761,0,0,1,0.014999624,0.014999624,0,0,0,0,Sub,17,0,0,8,0,62700,1
105,756,0,0,0,0,0,0,0,0,0,Sub,17,0,0,1,0,62699,1
105,637,0,0,0,0,0.162435696,0.138715684,0,1,0.023720011,GK,1,0,0,90,0,0,1
105,638,0,0,1,0.013158194,0.346939474,0.333781302,0,3,0.35066092,DR,2,0,0,90,0,0,1
105,639,0,0,1,0.038489796,0.333781302,0.333781302,0,0,0,DC,3,0,0,90,0,0,1
105,640,0,0,0,0,0.55496341,0.437742442,0,1,0.117220998,DC,3,0,0,90,0,0,1
105,660,0,0,0,0,0.344686449,0.344686449,0,0,0,DL,4,0,0,90,0,0,1
105,643,0,0,1,0.092185915,0.558007896,0.558007896,0,0,0,DMC,7,1,0,90,0,0,1
105,649,0,0,2,0.096246101,0.597189069,0.47594443,0,1,0.024998527,DMC,7,1,0,90,62719,0,1
105,642,0,0,2,0.049314875,0.185711265,0.123238191,0,1,0.013158194,AMR,11,1,0,79,62721,0,1
105,644,0,0,1,0.117220998,0.687158525,0.553435564,0,5,0.283032358,AMC,12,1,0,67,62720,0,1
105,648,0,0,5,0.521867037,1.283673882,0.905969143,1,1,0.663190663,AML,13,0,0,90,0,0,1
105,647,0,0,4,0.177140415,1.09699297,0.868492305,0,3,0.256661832,FW,15,0,0,90,0,0,1
105,645,1,0,2,0.788748145,0.821183383,0.032435242,0,0,0,Sub,17,0,0,23,0,62716,1
105,653,0,0,0,0,0,0,0,0,0,Sub,17,0,0,11,0,62715,1
105,914,0,0,0,0,0,0,0,0,0,Sub,17,0,0,1,0,62713,1
106,540,0,0,0,0,0,0,0,0,0,GK,1,0,0,90,0,0,1
106,938,0,0,0,0,0.064227886,0,0,1,0.064227886,DR,2,0,1,83,0,0,1
106,528,0,0,0,0,0,0,0,0,0,DC,3,0,0,34,63283,0,1
106,529,0,0,0,0,0.041067481,0.041067481,0,0,0,DC,3,0,0,90,0,0,1
106,534,0,0,0,0,0.27152738,0.041067481,1,3,0.26252535,DL,4,0,0,90,0,0,1
106,532,1,0,3,0.388457835,0.356392354,0,0,0,0,MC,9,0,0,90,0,0,1
106,542,0,0,1,0.011961794,0.053029273,0.041067481,0,0,0,MC,9,0,0,90,0,0,1
106,533,1,0,2,0.786275506,0.038451713,0.038451713,0,1,0.038451713,MC,9,0,0,90,0,0,1
106,1028,0,0,0,0,0,0,0,0,0,FWR,14,0,0,50,63284,0,1
106,656,0,0,2,0.086417422,0.127484903,0,0,1,0.041067481,FW,15,0,0,77,63282,0,1
106,536,0,0,1,0.041067481,0.07951919,0.038451713,0,1,0.011961794,FWL,16,0,0,90,0,0,1
106,800,0,0,0,0,0,0,0,0,0,Sub,17,0,0,40,0,63279,1
106,1029,1,0,1,0.208270371,0.208270371,0,0,0,0,Sub,17,0,0,13,0,63280,1
106,530,0,0,0,0,0,0,0,0,0,Sub,17,0,0,56,0,63273,1
106,455,0,0,0,0,0.017684493,0.017684493,0,0,0,GK,1,1,0,90,0,0,1
106,456,0,0,0,0,1.34109509,1.200966597,1,3,0.688588381,DR,2,0,0,90,0,0,1
106,458,0,0,0,0,0.0699424,0.0699424,0,0,0,DC,3,0,0,90,0,0,1
106,457,0,0,0,0,0.033450477,0.033450477,0,0,0,DC,3,0,0,90,0,0,1
106,459,0,0,1,0.026287107,0.141031876,0.097060271,0,1,0.017684493,DL,4,0,0,90,0,0,1
106,461,0,0,2,0.047267728,0.112826258,0.0699424,0,1,0.015765985,MR,8,0,0,90,63296,0,1
106,460,0,0,1,0.015765985,0.793321609,0.777555645,0,1,0.026287107,MC,9,0,0,90,0,0,1
106,472,0,0,0,0,0.249245673,0.249245673,0,0,0,MC,9,0,0,90,0,0,1
106,464,0,0,3,0.477675766,0.753017962,0.205399781,1,2,0.249055073,ML,10,0,0,89,63297,0,1
106,465,0,0,1,0.528309941,1.088073969,0.397314429,0,2,0.162449539,FW,15,0,0,55,63298,0,1
106,468,3,0,4,1.477604985,1.362805605,0.249055073,0,1,0.397314429,FW,15,0,0,90,0,0,1
106,825,0,0,0,0,0,0,0,0,0,Sub,17,0,0,1,0,63290,1
106,462,0,0,1,0.03343581,0.03343581,0,0,0,0,Sub,17,0,0,1,0,63293,1
106,466,1,0,2,0.249055073,0.249055073,0,0,0,0,Sub,17,0,0,35,0,63294,1
107,820,0,0,0,0,0.026988437,0.026988437,0,0,0,GK,1,0,0,90,0,0,1
107,804,0,0,2,0.07526914,0.014638663,0,0,0,0,DR,2,0,0,90,0,0,1
107,806,0,0,0,0,0,0,0,0,0,DC,3,0,0,90,0,0,1
107,805,0,0,1,0.014007665,0.144182041,0.144182041,0,0,0,DC,3,0,0,90,0,0,1
107,904,0,0,2,0.048629254,0.194214493,0.167226061,0,1,0.027793214,DL,4,0,0,90,0,0,1
107,808,0,0,0,0,0.24504973,0.187382236,0,2,0.05766749,DMC,7,0,0,90,0,0,1
107,880,0,0,1,0.070188627,0.150452912,0.065625615,1,4,0.1019051,MR,8,1,0,80,63198,0,1
107,809,0,0,0,0,0.041627102,0.041627102,0,0,0,MC,9,0,0,90,0,0,1
107,990,2,0,3,0.913756251,0.209807664,0.107252717,0,2,0.10041222,MC,9,0,0,90,63199,0,1
107,814,0,0,0,0,0.152587384,0.152587384,0,0,0,ML,10,1,0,62,63200,0,1
107,813,0,0,3,0.23030135,0.207701996,0.026988437,1,1,0.102554947,FW,15,0,0,90,0,0,1
107,812,0,0,0,0,0,0,0,0,0,Sub,17,0,0,1,0,63195,1
107,816,0,0,1,0.015593171,0.085781798,0,0,1,0.070188627,Sub,17,0,0,28,0,63196,1
107,993,0,0,2,0.058472268,0.030679053,0,0,1,0.014007665,Sub,17,0,0,10,0,63193,1
107,680,0,0,0,0,0.458461434,0.458461434,0,0,0,GK,1,0,0,90,0,0,1
107,682,0,0,0,0,0.222000226,0.222000226,0,0,0,DR,2,0,0,90,0,0,1
107,917,0,0,0,0,0.115491353,0.115491353,0,0,0,DC,3,0,1,56,0,0,1
107,935,0,0,0,0,0.311462045,0.311462045,0,0,0,DC,3,0,0,90,0,0,1
107,681,1,0,2,0.139982313,0.246491179,0.106508873,0,0,0,DL,4,0,0,90,0,0,1
107,686,0,0,0,0,0.584458292,0.449015528,0,1,0.135442734,DMC,7,0,0,90,0,0,1
107,697,0,0,1,0.0629455,0.377242237,0.250934094,0,1,0.126308143,DMC,7,1,0,90,0,0,1
107,687,1,0,3,0.183194235,1.760909796,1.132487059,0,3,0.565169334,AMR,11,0,0,86,63213,0,1
107,700,0,0,3,0.458621562,0.589621425,0.130999833,0,1,0.063253418,AMC,12,0,0,58,63214,0,1
107,701,0,0,1,0.126308143,0.839615822,0.680500507,1,5,0.294771165,AML,13,0,0,90,0,0,1
107,802,1,0,4,0.962238848,1.1241014,0.115491353,1,2,0.161862507,FW,15,0,0,80,63212,0,1
107,685,0,0,0,0,0.126308143,0.126308143,0,0,0,Sub,17,0,0,4,0,63208,1
107,699,0,0,0,0,0,0,0,0,0,Sub,17,0,0,32,0,63209,1
107,696,0,0,1,0.136221483,0.262529612,0.126308143,0,0,0,Sub,17,0,0,10,0,63211,1
108,600,0,0,0,0,0.08642707,0.08642707,0,0,0,GK,1,0,0,90,0,0,1
108,585,0,0,1,0.022486228,0.208372936,0.185886696,0,0,0,DR,2,0,0,90,0,0,1
108,586,0,0,0,0,0.211471617,0.211471617,0,0,0,DC,3,0,0,90,0,0,1
108,587,0,0,1,0.011611687,0.122626536,0.122626536,0,0,0,DC,3,0,0,90,0,0,1
108,909,0,0,0,0,0,0,0,0,0,DL,4,0,0,46,62596,0,1
108,590,0,0,1,0.080677032,0.289049953,0.129445285,0,1,0.078927644,DMC,7,0,0,90,0,0,1
108,589,0,0,0,0,0.2257898,0.2257898,0,1,0.080677032,DMC,7,0,0,90,0,0,1
108,596,0,0,0,0,0.145112768,0.145112768,0,3,0.104857504,AMR,11,0,0,90,62595,0,1
108,592,0,0,3,0.162940726,0.051866941,0,0,1,0.06020299,AMC,12,0,0,90,0,0,1
108,601,0,0,1,0.070759594,0.08642707,0,0,1,0.015667479,AML,13,0,0,68,62597,0,1
108,594,0,0,2,0.170659333,0.137613341,0.05868569,0,0,0,FW,15,0,0,90,0,0,1
108,977,0,0,0,0,0,0,0,0,0,Sub,17,0,0,44,0,62588,1
108,824,0,0,1,0.06020299,0.175330102,0.078927644,0,1,0.036199462,Sub,17,0,0,22,0,62593,1
108,591,0,0,0,0,0.078927644,0.078927644,0,0,0,Sub,17,0,0,1,0,62591,1
108,609,0,0,0,0,0,0,0,0,0,GK,1,0,0,90,0,0,1
108,625,0,0,0,0,0.271253109,0.22023052,0,2,0.051022582,DR,2,0,0,90,0,0,1
108,626,0,0,0,0,0.092982322,0.092982322,0,0,0,DC,3,1,0,90,0,0,1
108,612,0,0,2,0.142964512,0,0,0,0,0,DC,3,0,0,90,0,0,1
108,621,1,0,2,0.080513969,0.131163672,0.050649703,0,0,0,DL,4,0,0,90,0,0,1
108,878,0,0,3,0.081989311,0.803314984,0.298640966,1,2,0.501095176,DMC,7,0,0,90,0,0,1
108,614,0,0,0,0,0.153936699,0.153936699,0,0,0,DMC,7,1,0,90,0,0,1
108,616,0,0,2,0.509541631,1.250726342,0.693937778,0,2,0.119681865,AMR,11,0,0,90,0,0,1
108,617,0,0,3,0.193197414,0.487283021,0.294085592,0,3,0.069297992,AMC,12,0,0,90,62610,0,1
108,618,0,0,1,0.022979233,0.242881387,0.095085829,1,3,0.208626553,AML,13,0,0,80,62609,0,1
108,619,0,0,2,0.133313954,0.172260031,0.03894607,0,1,0.021134194,FW,15,0,0,85,62611,0,1
108,876,0,0,0,0,0,0,0,0,0,Sub,17,0,0,1,0,62606,1
108,622,0,0,0,0,0,0,0,0,0,Sub,17,0,0,5,0,62608,1
108,877,1,0,1,0.422684699,0.501095176,0.078410462,0,0,0,Sub,17,1,0,10,0,62607,1
109,564,0,0,0,0,0.167419672,0.167419672,0,0,0,GK,1,0,0,90,0,0,1
109,565,0,0,1,0.019283185,0.042902038,0.01409837,0,1,0.009520482,DR,2,0,0,90,0,0,1
109,581,0,0,0,0,0,0,0,0,0,DC,3,0,0,90,0,0,1
109,566,0,0,0,0,0,0,0,0,0,DC,3,0,0,90,0,0,1
109,568,0,0,2,0.02363573,0.02363573,0,0,0,0,DL,4,0,0,48,63117,0,1
109,570,0,0,0,0,0.034140728,0.034140728,0,0,0,DMC,7,0,0,88,63118,0,1
109,572,0,0,2,0.755214036,0.190061316,0.166442469,0,1,0.01409837,DMC,7,0,0,90,0,0,1
109,577,0,0,0,0,0.019283185,0.019283185,0,1,0,AMR,11,0,0,90,0,0,1
109,573,0,0,2,0.201969713,0.186702862,0,0,2,0.054401122,AMC,12,0,0,90,0,0,1
109,582,0,0,0,0,0.232132167,0.054401122,0,3,0.177731052,AML,13,0,0,90,0,0,1
109,574,0,0,4,0.231629774,0.23282285,0.132301733,0,0,0,FW,15,0,0,90,0,0,1
109,571,0,0,1,0.027815662,0,0,0,0,0,Sub,17,0,0,2,0,63112,1
109,948,0,0,1,0.01409837,0.146400109,0.132301733,0,2,0.200776637,Sub,17,0,0,42,0,63110,1
109,846,0,0,0,0,0,0,0,0,0,GK,1,0,0,90,0,0,1
109,845,0,0,0,0,0.036758833,0.036758833,0,0,0,DC,3,0,0,90,0,0,1
109,834,0,0,0,0,0.132539541,0.132539541,0,1,0.065480091,DC,3,0,0,90,0,0,1
109,953,0,0,2,0.101938538,0.187502846,0.174923509,0,1,0.012579347,DC,3,0,0,90,0,0,1
109,847,0,0,2,0.023134569,0.37018767,0.288749397,0,3,0.203422591,MR,8,0,0,90,0,0,1
109,836,0,0,2,0.038563725,0.212435663,0.173871934,0,0,0,MC,9,1,0,90,0,0,1
109,842,0,0,0,0,0.242459506,0.242459506,0,0,0,MC,9,1,0,90,0,0,1
109,884,0,0,0,0,0.074980952,0.074980952,0,0,0,ML,10,0,0,90,0,0,1
109,883,0,0,0,0,0.042383961,0,0,3,0.223513439,AMC,12,0,0,74,63132,0,1
109,838,0,0,0,0,0,0,0,0,0,FW,15,0,0,24,63130,0,1
109,841,0,0,2,0.107864052,0.166765064,0.012579347,0,2,0.111801751,FW,15,0,0,81,63131,0,1
109,843,0,0,0,0,0.097086661,0.097086661,0,1,0.01771462,Sub,17,0,0,16,0,63127,1
109,839,0,0,5,0.370756269,0.312633663,0.11382588,0,1,0.02620361,Sub,17,0,0,66,0,63129,1
109,844,0,0,1,0.041332398,0.041332398,0,0,0,0,Sub,17,0,0,9,0,63128,1
110,491,0,0,0,0,0,0,0,0,0,GK,1,0,0,90,0,0,1
110,492,0,0,1,0.055668391,0.794797242,0.739128828,0,0,0,DR,2,0,0,90,0,0,1
110,508,0,0,0,0,0.01593763,0.01593763,0,0,0,DC,3,0,0,90,0,0,1
110,493,0,0,1,0.102433577,0.01593763,0.01593763,0,0,0,DC,3,1,0,90,0,0,1
110,495,0,0,0,0,0.277471304,0.277471304,0,2,0.214126006,DL,4,0,0,90,0,0,1
110,965,0,0,2,0.039507441,0.910148144,0.818162322,0,3,0.103069998,DMC,7,0,0,90,0,0,1
110,497,0,0,1,0.012751192,0.066203728,0.066203728,0,0,0,DMC,7,0,0,83,62377,0,1
110,504,0,0,3,0.118402511,1.177126646,1.058724046,0,1,0.56593883,AMR,11,0,0,90,0,0,1
110,499,0,0,1,0.032909602,1.384876132,1.328392386,0,3,0.139843956,AMC,12,0,0,90,0,0,1
110,498,0,0,3,0.527439237,0.939863682,0.309180051,0,3,0.240927979,AML,13,0,0,90,0,0,1
110,502,0,0,5,0.905152082,1.337320328,0.410643905,0,2,0.44600445,FW,15,0,0,74,62378,0,1
110,503,0,0,0,0,0.01593763,0,0,1,0.01593763,Sub,17,0,0,16,0,62376,1
110,966,0,0,2,0.047344089,0.01593763,0,0,0,0,Sub,17,0,0,7,0,62371,1
110,487,0,0,0,0,0,0,0,0,0,GK,1,1,0,90,0,0,1
110,603,0,0,1,0.041428305,0.120168872,0.078740567,0,0,0,DR,2,0,0,90,0,0,1
110,602,0,0,1,0.032146256,0,0,0,0,0,DC,3,0,0,90,0,0,1
110,607,0,0,0,0,0,0,0,0,0,DC,3,1,0,90,0,0,1
110,987,0,0,0,0,0.191344544,0.13566871,0,1,0.055675842,DL,4,1,0,90,0,0,1
110,489,0,0,3,0.179660857,0.352550149,0.172889292,0,2,0.076729916,MC,9,0,0,90,0,0,1
110,475,0,0,0,0,0.074260689,0.074260689,0,1,0.0221084,MC,9,0,0,77,62391,0,1
110,604,0,0,0,0,0.13566871,0,0,2,0.13566871,MC,9,1,0,90,0,0,1
110,482,0,0,2,0.063524731,0.771309555,0.671454728,0,3,0.697048903,FWR,14,0,0,64,62392,0,1
110,606,0,0,4,0.757238805,0.897516966,0,0,2,0.140278161,FW,15,0,0,90,0,0,1
110,488,0,0,4,0.218062416,1.004588127,0.73437345,0,1,0.052152295,FWL,16,0,0,89,62390,0,1
110,481,0,0,0,0,0.055675842,0.055675842,0,0,0,Sub,17,0,0,26,0,62387,1
110,608,0,0,0,0,0,0,0,0,0,Sub,17,0,0,1,0,62389,1
110,988,0,0,0,0,0.055675842,0.055675842,0,0,0,Sub,17,0,0,13,0,62384,1
111,982,0,0,0,0,0.031969402,0.031969402,0,0,0,GK,1,0,0,90,0,0,1
111,764,0,0,0,0,0,0,0,0,0,DR,2,0,0,90,0,0,1
111,941,0,1,0,0,0,0,0,0,0,DC,3,1,0,90,0,0,1
111,849,0,0,0,0,0,0,0,0,0,DC,3,1,0,90,0,0,1
111,943,0,0,0,0,0,0,0,0,0,DL,4,0,0,90,0,0,1
111,768,0,0,0,0,0,0,0,0,0,DMC,7,1,0,74,63668,0,1
111,767,0,0,0,0,0,0,0,0,0,DMC,7,0,0,90,0,0,1
111,772,0,0,1,0.031969402,0.031969402,0,0,0,0,AMR,11,1,0,80,63667,0,1
111,771,0,0,0,0,0.031969402,0,0,1,0.031969402,AMC,12,1,0,90,0,0,1
111,942,0,0,0,0,0,0,0,0,0,AML,13,1,0,89,63666,0,1
111,773,0,0,0,0,0.031969402,0.031969402,0,0,0,FW,15,0,1,15,0,0,1
111,770,0,0,0,0,0,0,0,0,0,Sub,17,0,0,16,0,63660,1
111,774,0,0,0,0,0,0,0,0,0,Sub,17,0,0,1,0,63664,1
111,850,0,0,0,0,0,0,0,0,0,Sub,17,0,0,10,0,63662,1
111,491,0,0,0,0,0,0,0,0,0,GK,1,0,0,90,0,0,1
111,492,0,0,0,0,1.024718404,0.664212763,0,2,0.450654835,DR,2,0,0,90,0,0,1
111,493,0,0,0,0,0.496972352,0.496972352,0,0,0,DC,3,0,0,90,0,0,1
111,494,0,0,0,0,0.272658199,0.272658199,0,1,0.069816001,DC,3,0,0,90,0,0,1
111,495,0,0,1,0.032427665,0.331922948,0.331922948,0,1,0.074702427,DL,4,0,0,90,0,0,1
111,497,0,0,1,0.018388905,0.185281798,0.185281798,0,0,0,DMC,7,0,0,90,0,0,1
111,965,0,0,3,0.163144276,0.350486755,0.272658199,0,4,0.085700698,DMC,7,1,0,90,0,0,1
111,966,0,0,2,0.056621853,0.625907719,0.56928587,0,0,0,AMR,11,0,0,83,63681,0,1
111,504,0,0,2,0.128567293,1.228710294,0.504191935,0,5,0.701943696,AMC,12,0,0,90,0,0,1
111,498,0,0,7,0.382539362,0.576468408,0.185020626,0,2,0.147698149,AML,13,0,0,90,0,0,1
111,503,1,0,3,1.061208487,1.061208487,0,0,0,0,FW,15,0,0,72,63680,0,1
111,502,0,0,3,0.517126143,0.559517443,0.042391285,0,1,0.063771605,Sub,17,0,0,18,0,63679,1
111,970,0,0,0,0,0.042391285,0.042391285,0,0,0,Sub,17,0,0,7,0,63676,1
112,856,0,0,0,0,0.020448228,0.020448228,0,0,0,GK,1,0,0,90,0,0,1
112,944,0,0,1,0.014857688,0.10217429,0.087316602,0,0,0,DR,2,0,0,66,63750,0,1
112,860,0,0,0,0,0.107764825,0.107764825,0,1,0.025211502,DC,3,0,0,90,0,0,1
112,859,0,0,1,0.029100765,0.133292452,0.083743468,0,1,0.020448228,DC,3,0,0,90,0,0,1
112,887,0,0,1,0.012046651,0.127701923,0.115655266,0,0,0,DL,4,1,0,90,0,0,1
112,862,0,0,0,0,0.065596819,0.050739132,0,2,0.026904339,DMC,7,0,0,90,0,0,1
112,946,0,0,0,0,0.057706382,0.057706382,0,0,0,DMC,7,0,0,90,0,0,1
112,888,0,0,3,0.096977614,0.040069193,0.014857688,0,0,0,AMR,11,0,0,71,63748,0,1
112,873,0,0,2,0.046517175,0.071696818,0.071696818,0,1,0.062105097,AMC,12,0,1,30,0,0,1
112,864,0,0,0,0,0.071696818,0.071696818,0,2,0.053571135,AML,13,0,1,24,0,0,1
112,868,0,0,2,0.926661491,0.951873004,0.025211502,0,0,0,FW,15,0,0,84,63749,0,1
112,945,0,0,0,0,0,0,0,0,0,Sub,17,0,0,24,0,63738,1
112,865,0,0,3,0.092327878,0.061595645,0.012046651,0,1,0.029100765,Sub,17,0,0,19,0,63744,1
112,867,0,0,0,0,0,0,0,0,0,Sub,17,0,0,6,0,63747,1
112,820,0,0,0,0,0.285868615,0.285868615,0,0,0,GK,1,0,0,90,0,0,1
112,804,0,0,1,0.013331226,0.419556499,0.406225264,0,0,0,DR,2,0,0,90,0,0,1
112,805,0,0,0,0,0.440383673,0.440383673,0,0,0,DC,3,0,0,90,0,0,1
112,806,0,0,0,0,0.06785994,0.06785994,0,0,0,DC,3,1,0,90,0,0,1
112,664,0,0,0,0,0.109359913,0.109359913,0,0,0,DL,4,0,0,90,0,0,1
112,812,0,0,1,0.040184408,0.053515632,0.013331226,0,0,0,MR,8,1,0,49,63764,0,1
112,809,0,0,1,0.060190007,0.205088675,0.144898668,0,0,0,MC,9,0,0,90,0,0,1
112,808,0,0,0,0,0,0,0,0,0,MC,9,0,0,34,63763,0,1
112,990,0,0,3,0.111693867,0.600498974,0.498627216,0,5,0.182255566,MC,9,0,0,90,0,0,1
112,814,0,0,0,0,0.088532723,0.06785994,0,2,0.088532723,ML,10,0,0,66,63762,0,1
112,813,1,0,4,0.448573411,0.448573411,0,0,0,0,FW,15,0,0,90,0,0,1
112,855,0,0,1,0.022933539,0.102004267,0.079070725,0,0,0,Sub,17,1,0,24,0,63760,1
112,816,0,0,2,0.037356898,0.506123185,0.199427381,1,1,0.285868615,Sub,17,1,0,56,0,63757,1
112,880,0,0,2,0.146930665,0.199427381,0.052496716,0,2,0.047389735,Sub,17,0,0,41,0,63756,1
113,662,0,0,0,0,0.620544076,0.620544076,0,0,0,GK,1,0,0,90,0,0,1
113,663,0,0,0,0,0.349653244,0.222014636,0,3,0.127638608,DR,2,0,0,90,0,0,1
113,665,0,0,1,0.014782169,0.717423618,0.717423618,0,0,0,DC,3,0,0,90,0,0,1
113,875,0,0,0,0,0.274314731,0.195126817,0,2,0.07918793,DC,3,1,0,90,0,0,1
113,961,0,0,2,0.056614351,0.887631059,0.1160862,1,4,0.73276943,DL,4,0,0,90,0,0,1
113,668,0,0,2,0.054402377,1.125664115,1.033382058,0,5,0.24440594,MC,9,0,0,90,0,0,1
113,669,0,0,3,0.183233812,0.386491627,0.120807603,0,2,0.097232372,MC,9,0,0,90,0,0,1
113,667,0,0,1,0.061848592,0.970556498,0.970556498,0,0,0,MC,9,0,0,90,0,0,1
113,674,0,0,3,0.171373755,0.888797402,0.717423618,0,0,0,FWR,14,0,0,69,63365,0,1
113,671,0,0,6,0.253210127,0.350089639,0.096879534,0,1,0.104262114,FW,15,0,0,90,0,0,1
113,679,2,0,3,1.478592515,0.828967333,0.111543693,0,1,0,FWL,16,0,0,90,0,0,1
113,670,0,0,0,0,0.111961722,0.111961722,0,0,0,Sub,17,1,0,21,0,63362,1
113,580,0,0,0,0,0,0,0,0,0,GK,1,1,0,90,0,0,1
113,742,0,0,1,0.082048737,0.113216192,0,0,1,0.031167455,DR,2,0,0,90,0,0,1
113,736,0,0,0,0,0.109863497,0.109863497,0,0,0,DC,3,0,0,90,0,0,1
113,729,0,0,0,0,0,0,0,0,0,DC,3,0,0,90,0,0,1
113,730,0,0,0,0,0,0,0,0,0,DL,4,0,0,90,0,0,1
113,732,1,0,1,0.06352251,0,0,0,2,0.037782382,MC,9,0,0,90,0,0,1
113,733,0,0,1,0.023759963,0,0,0,0,0,MC,9,0,0,90,0,0,1
113,738,0,0,0,0,0,0,0,0,0,MC,9,0,0,47,63377,0,1
113,781,1,0,1,0.109863497,0.109863497,0,0,1,0.082048737,FWR,14,0,0,78,63378,0,1
113,932,0,0,0,0,0,0,0,0,0,FW,15,0,0,47,63379,0,1
113,735,0,0,1,0.020703521,0.020703521,0,0,0,0,FWL,16,0,0,90,0,0,1
113,739,0,0,0,0,0.161734462,0.031167455,1,2,0.130567014,Sub,17,0,0,43,0,63373,1
113,740,0,0,0,0,0,0,0,0,0,Sub,17,0,0,12,0,63374,1
113,930,0,0,2,0.068949841,0.031167455,0,0,0,0,Sub,17,0,0,43,0,63375,1
114,455,0,0,0,0,0,0,0,0,0,GK,1,0,0,90,0,0,1
114,456,0,0,1,0.016709089,0.021915669,0.021915669,0,0,0,DR,2,0,0,90,0,0,1
114,457,0,0,0,0,0,0,0,0,0,DC,3,0,0,90,0,0,1
114,458,0,0,0,0,0,0,0,0,0,DC,3,0,0,90,0,0,1
114,459,0,0,0,0,0,0,0,0,0,DL,4,0,0,48,63448,0,1
114,461,0,0,0,0,0.021915669,0.021915669,0,0,0,MR,8,0,0,90,0,0,1
114,460,0,0,0,0,0,0,0,0,0,MC,9,0,0,90,0,0,1
114,472,0,0,0,0,0.021915669,0.021915669,0,0,0,MC,9,1,0,90,0,0,1
114,464,0,0,3,0.166815624,0.069897115,0,0,0,0,ML,10,1,0,69,63447,0,1
114,975,0,0,0,0,0.021915669,0,0,2,0.038624756,AMC,12,0,0,90,0,0,1
114,468,1,0,1,0.144857317,0.144857317,0,0,0,0,FW,15,0,0,90,0,0,1
114,825,0,0,0,0,0,0,0,0,0,Sub,17,0,0,31,0,63448,1
114,466,0,0,0,0,0,0,0,0,0,Sub,17,0,0,21,0,63444,1
114,1024,0,0,0,0,0,0,0,0,0,Sub,17,0,0,11,63449,63440,1
114,745,0,0,0,0,0.031845927,0.031845927,0,0,0,GK,1,0,0,90,0,0,1
114,955,0,0,0,0,0.031845927,0.031845927,0,0,0,DR,2,1,0,90,63461,0,1
114,747,0,0,0,0,0.044261061,0.044261061,0,0,0,DC,3,1,0,90,0,0,1
114,748,0,0,0,0,0.044261061,0.044261061,0,0,0,DC,3,0,0,90,0,0,1
114,757,0,0,2,0.076106988,0.076106988,0,0,0,0,DL,4,1,0,90,0,0,1
114,784,0,0,0,0,0,0,0,0,0,DMC,7,1,0,90,0,0,1
114,750,0,0,0,0,0,0,0,0,0,MR,8,0,0,48,63462,0,1
114,752,0,0,0,0,0.081821203,0,0,1,0.081821203,MC,9,0,0,90,0,0,1
114,751,0,0,0,0,0.126082271,0.081821203,0,1,0.044261061,MC,9,0,0,90,0,0,1
114,753,0,0,0,0,0,0,0,0,0,ML,10,0,0,73,63463,0,1
114,755,1,0,2,0.842990041,0.081821203,0,0,0,0,FW,15,0,0,90,0,0,1
114,974,0,0,0,0,0,0,0,0,0,Sub,17,0,0,1,0,63451,1
114,754,0,0,0,0,0.031845927,0,0,1,0.031845927,Sub,17,0,0,42,0,63456,1
114,999,0,0,0,0,0,0,0,0,0,Sub,17,0,0,17,0,63459,1
115,680,0,0,0,0,0.172466472,0.172466472,0,0,0,GK,1,0,0,90,0,0,1
115,682,0,0,3,0.1166633,0.40607962,0.390014857,0,0,0,DR,2,0,0,90,0,0,1
115,699,0,0,3,0.146963462,0.216487661,0.195607111,0,0,0,DC,3,1,0,90,0,0,1
115,935,0,0,1,0.063931033,0.044834655,0.044834655,0,0,0,DC,3,0,0,90,0,0,1
115,681,0,0,0,0,0.166411594,0.166411594,0,1,0.016253358,DL,4,0,0,69,63502,0,1
115,686,0,0,4,0.193024382,0.604048312,0.364151001,0,1,0.04687294,DMC,7,0,0,90,0,0,1
115,697,0,0,1,0.105323583,0.246207654,0.23080872,0,2,0.032042988,DMC,7,0,0,74,63504,0,1
115,687,0,0,4,0.214540869,0.580342472,0.299496025,1,5,0.425343901,AMR,11,0,0,90,0,0,1
115,700,0,0,3,0.082497343,0.2819691,0.142268881,0,2,0.123446845,AMC,12,0,0,67,63503,0,1
115,701,0,0,1,0.04687294,0.429157138,0.3120251,0,4,0.12079607,AML,13,0,0,90,0,0,1
115,802,0,0,2,0.083850764,0.29722932,0.150158226,0,1,0.063220322,FW,15,0,0,90,0,0,1
115,696,1,0,3,0.21707803,0.21707803,0.066305585,0,0,0,Sub,17,0,0,23,0,63499,1
115,688,0,0,0,0,0.226405397,0.226405397,0,1,0.016003642,Sub,17,0,0,16,0,63496,1
115,689,0,0,1,0.016003642,0.249546021,0.210401759,0,2,0.039604966,Sub,17,0,0,21,0,63495,1
115,635,0,0,0,0,0,0,0,0,0,GK,1,0,0,90,0,0,1
115,510,1,0,1,0.600005269,1.004643679,0.40463835,0,0,0,DR,2,0,0,90,0,0,1
115,512,0,0,0,0,0.017763307,0.017763307,0,0,0,DC,3,0,0,90,0,0,1
115,511,0,0,0,0,0.017763307,0.017763307,0,0,0,DC,3,0,0,90,0,0,1
115,513,0,0,0,0,0.504164577,0.425408334,0,1,0.078756258,DL,4,0,0,90,0,0,1
115,633,0,0,0,0,0.479513764,0.430546552,0,2,0.048967224,DMC,7,0,0,90,0,0,1
115,516,0,0,3,0.411578476,0.875884354,0.479294002,0,0,0,DMC,7,1,0,83,63517,0,1
115,514,0,0,1,0.078756258,0.546429217,0.523527682,0,1,0.022901522,AMR,11,0,0,90,0,0,1
115,520,1,0,5,0.621264338,1.49896419,0.40463835,1,3,1.073066831,AMC,12,0,0,85,63518,0,1
115,522,0,0,0,0,0.470366985,0.118889332,0,2,0.351477653,AML,13,0,0,56,63516,0,1
115,519,0,0,1,0.118889332,0.22324115,0.104351819,0,0,0,FW,15,0,0,90,0,0,1
115,517,0,0,0,0,0,0,0,0,0,Sub,17,0,0,7,0,63510,1
115,526,0,0,0,0,0,0,0,0,0,Sub,17,0,0,5,0,63513,1
115,518,0,0,2,0.385376126,0.545895338,0.078756258,0,1,0.081762917,Sub,17,0,0,34,0,63514,1
116,487,0,0,0,0,0.017659569,0.017659569,0,0,0,GK,1,0,0,90,0,0,1
116,603,0,0,0,0,0.077344842,0.077344842,0,0,0,DR,2,1,0,90,0,0,1
116,602,0,0,2,0.120236345,0.240054175,0.240054175,0,1,0.017691089,DC,3,0,0,90,0,0,1
116,607,0,0,0,0,0.199363172,0.199363172,0,0,0,DC,3,0,0,90,0,0,1
116,987,0,0,1,0.012446525,0.200058207,0.1803689,0,1,0.019689308,DL,4,0,0,82,63558,0,1
116,475,0,0,0,0,0.294099599,0.262321085,0,1,0.031778514,MC,9,1,0,90,0,0,1
116,604,0,0,0,0,0,0,0,0,0,MC,9,0,0,50,63556,0,1
116,489,0,0,2,0.122313634,0.355617285,0.100049451,0,3,0.1332542,MC,9,0,0,90,0,0,1
116,482,0,0,2,0.037380397,0.141707629,0,0,2,0.104327232,FWR,14,0,0,65,63557,0,1
116,606,0,0,2,0.115677103,0.115677103,0,0,1,0.113545448,FW,15,0,0,90,0,0,1
116,488,0,0,3,0.121904328,0.121904328,0,0,0,0,FWL,16,0,1,56,0,0,1
116,481,0,0,0,0,0.070653953,0,0,1,0.070653953,Sub,17,0,0,8,0,63549,1
116,608,0,0,0,0,0.184996352,0.184996352,0,1,0.006690894,Sub,17,0,0,40,0,63551,1
116,986,0,0,1,0.031778514,0.154092148,0.070653953,0,1,0.051659685,Sub,17,1,0,25,0,63553,1
116,540,0,0,0,0,0.080382973,0.080382973,0,0,0,GK,1,0,0,90,0,0,1
116,530,0,0,0,0,0.080382973,0.080382973,0,0,0,DR,2,0,0,90,0,0,1
116,528,0,0,0,0,0.080382973,0.080382973,0,0,0,DC,3,0,0,90,0,0,1
116,529,0,0,1,0.044976123,0.050176967,0.050176967,0,0,0,DC,3,0,0,90,0,0,1
116,534,0,0,2,0.154955134,0.679425776,0.103173383,1,2,0.444326609,DL,4,0,0,90,0,0,1
116,532,0,0,3,0.094348356,0.174731329,0.080382973,0,0,0,MC,9,0,0,90,0,0,1
116,542,0,0,0,0,0.133379385,0.133379385,0,0,0,MC,9,0,0,90,0,0,1
116,533,1,0,2,0.100316234,0.168310434,0,0,1,0.080382973,MC,9,1,1,82,0,0,1
116,535,1,0,3,0.494503558,0.551857173,0.080382973,0,0,0,FWR,14,1,0,86,63571,0,1
116,656,1,0,1,0.087022983,0.087022983,0,0,0,0,FW,15,0,0,90,63570,0,1
116,536,0,0,0,0,0.183556363,0.080382973,0,3,0.148149505,FWL,16,0,0,90,63572,0,1
116,1018,0,0,0,0,0,0,0,0,0,Sub,17,0,0,1,0,63568,1
116,543,0,0,0,0,0,0,0,0,0,Sub,17,0,0,4,0,63567,1
116,800,0,0,0,0,0,0,0,0,0,Sub,17,0,0,1,0,63569,1
117,609,0,0,0,0,0.538041353,0.538041353,0,0,0,GK,1,0,0,90,0,0,1
117,625,0,0,1,0.047442373,0.676392376,0.676392376,1,1,0.538041353,DR,2,0,0,90,0,0,1
117,612,0,0,0,0,0.538041353,0.538041353,0,1,0.047442373,DC,3,1,0,90,0,0,1
117,626,0,0,0,0,0.555647731,0.555647731,0,0,0,DC,3,0,0,90,0,0,1
117,621,0,0,2,0.053246118,0.692280948,0.680753231,0,1,0.068012871,DL,4,0,0,90,0,0,1
117,614,1,0,1,0.034077972,0.283578664,0.183099404,0,3,0.252564877,DMC,7,0,0,90,0,0,1
117,878,1,0,4,0.213658929,0.941515386,0.724090457,0,2,0.131805688,DMC,7,0,0,90,0,0,1
117,616,0,0,1,0.03432554,0.03432554,0,0,0,0,AMR,11,0,0,47,63612,0,1
117,617,0,0,1,0.060590863,0.818041921,0.770524204,1,3,0.093123443,AMC,12,0,0,76,63614,0,1
