gameID,leagueID,season,date,homeTeamID,awayTeamID,homeGoals,awayGoals,homeProbability,drawProbability,awayProbability,homeGoalsHalfTime,awayGoalsHalfTime
81,1,2015,08-08-2015 15:45,89,82,1,0,0.2843,0.3999,0.3158,1,0
82,1,2015,08-08-2015 18:00,73,71,0,1,0.3574,0.35,0.2926,0,0
83,1,2015,08-08-2015 18:00,72,90,2,2,0.2988,0.4337,0.2675,0,1
84,1,2015,08-08-2015 18:00,75,77,4,2,0.6422,0.2057,0.1521,3,0
85,1,2015,08-08-2015 18:00,79,78,1,3,0.1461,0.2159,0.638,0,1
86,1,2015,08-08-2015 20:30,80,84,2,2,0.0304,0.0924,0.8772,2,1
87,1,2015,09-08-2015 16:30,86,74,2,2,0.4386,0.3165,0.2449,1,1
88,1,2015,09-08-2015 16:30,83,81,0,2,0.5751,0.2826,0.1423,0,1
89,1,2015,09-08-2015 19:00,85,87,0,1,0.2482,0.5454,0.2064,0,0
90,1,2015,10-08-2015 23:00,76,88,0,3,0.0615,0.1698,0.7687,0,2
91,1,2015,14-08-2015 22:45,71,89,0,1,0.1056,0.4653,0.4291,0,1
92,1,2015,15-08-2015 15:45,74,72,0,3,0.2536,0.2845,0.4619,0,2
93,1,2015,15-08-2015 18:00,77,79,1,3,0.051,0.1845,0.7645,0,2
94,1,2015,15-08-2015 18:00,84,86,2,0,0.9165,0.0772,0.0063,1,0
95,1,2015,15-08-2015 18:00,82,85,2,2,0.1614,0.1925,0.6461,2,0
96,1,2015,15-08-2015 18:00,90,76,0,0,0.3286,0.3819,0.2895,0,0
97,1,2015,15-08-2015 18:00,81,75,1,2,0.0482,0.171,0.7808,0,2
98,1,2015,16-08-2015 16:30,78,83,1,2,0.1303,0.2113,0.6584,1,1
99,1,2015,16-08-2015 19:00,88,80,3,0,0.8142,0.1391,0.0467,1,0
100,1,2015,17-08-2015 23:00,87,73,1,0,0.8133,0.1411,0.0456,1,0
101,1,2015,22-08-2015 15:45,89,86,0,0,0.5889,0.292,0.1191,0,0
102,1,2015,22-08-2015 18:00,79,85,1,1,0.9013,0.074,0.0247,1,1
103,1,2015,22-08-2015 18:00,77,84,1,1,0.1219,0.2431,0.635,0,1
104,1,2015,22-08-2015 18:00,78,71,2,1,0.4747,0.3079,0.2174,0,0
105,1,2015,22-08-2015 18:00,75,82,1,1,0.1213,0.2191,0.6596,0,0
106,1,2015,22-08-2015 18:00,81,73,3,4,0.1041,0.1757,0.7202,0,2
107,1,2015,23-08-2015 16:30,76,80,2,3,0.2216,0.2612,0.5172,1,3
108,1,2015,23-08-2015 19:00,72,88,0,2,0.1063,0.2405,0.6532,0,0
109,1,2015,23-08-2015 19:00,90,74,0,0,0.5229,0.3118,0.1653,0,0
110,1,2015,24-08-2015 23:00,83,87,0,0,0.5114,0.2628,0.2258,0,0
111,1,2015,29-08-2015 15:45,86,83,0,1,0.002,0.0632,0.9348,0,0
112,1,2015,29-08-2015 18:00,85,76,0,1,0.4729,0.3248,0.2023,0,1
113,1,2015,29-08-2015 18:00,71,77,2,2,0.8747,0.1005,0.0248,2,1
114,1,2015,29-08-2015 18:00,73,75,1,1,0.0747,0.3278,0.5975,1,0
115,1,2015,29-08-2015 18:00,80,78,1,2,0.1779,0.217,0.6051,0,0
116,1,2015,29-08-2015 18:00,87,81,0,3,0.1978,0.3352,0.467,0,2
117,1,2015,29-08-2015 18:00,88,90,2,0,0.7074,0.2257,0.0669,0,0
118,1,2015,29-08-2015 20:30,82,72,0,0,0.7143,0.1943,0.0914,0,0
119,1,2015,30-08-2015 16:30,74,79,3,0,0.9129,0.0777,0.0094,1,0
120,1,2015,30-08-2015 19:00,84,89,2,1,0.2526,0.3113,0.4361,0,0
121,1,2015,12-09-2015 15:45,72,80,3,1,0.5186,0.2999,0.1815,2,1
122,1,2015,12-09-2015 18:00,83,85,2,0,0.9918,0.0075,0.0007,1,0
123,1,2015,12-09-2015 18:00,78,88,0,1,0.0179,0.0647,0.9174,0,0
124,1,2015,12-09-2015 18:00,90,84,1,0,0.684,0.2293,0.0867,0,0
125,1,2015,12-09-2015 18:00,76,74,0,0,0.1387,0.3427,0.5186,0,0
126,1,2015,12-09-2015 18:00,79,73,3,1,0.6567,0.2549,0.0884,1,0
127,1,2015,12-09-2015 20:30,89,87,3,1,0.4919,0.318,0.1901,0,0
128,1,2015,13-09-2015 16:30,77,82,0,1,0.2401,0.2976,0.4623,0,0
129,1,2015,13-09-2015 19:00,75,71,3,2,0.455,0.3004,0.2446,0,1
130,1,2015,14-09-2015 23:00,81,86,2,0,0.6555,0.233,0.1115,1,0
131,1,2015,19-09-2015 15:45,80,83,2,0,0.7235,0.1909,0.0856,0,0
132,1,2015,19-09-2015 18:00,86,90,1,2,0.2928,0.3012,0.406,0,2
133,1,2015,19-09-2015 18:00,71,76,0,1,0.3959,0.3707,0.2334,0,1
134,1,2015,19-09-2015 18:00,73,77,2,0,0.2375,0.3629,0.3996,2,0
135,1,2015,19-09-2015 18:00,85,75,2,2,0.3009,0.3324,0.3667,2,0
136,1,2015,19-09-2015 18:00,84,72,0,0,0.1553,0.2346,0.6101,0,0
137,1,2015,19-09-2015 20:30,88,81,1,2,0.8408,0.1177,0.0415,1,2
138,1,2015,20-09-2015 16:30,82,78,1,0,0.4732,0.3412,0.1856,0,0
139,1,2015,20-09-2015 19:00,74,89,2,3,0.4195,0.2506,0.3299,1,1
140,1,2015,20-09-2015 19:00,87,79,1,1,0.7195,0.1996,0.0809,0,0
141,1,2015,26-09-2015 15:45,82,88,4,1,0.5584,0.2208,0.2208,1,1
142,1,2015,26-09-2015 18:00,74,84,3,1,0.3655,0.3128,0.3217,1,0
143,1,2015,26-09-2015 18:00,85,73,2,1,0.6734,0.2181,0.1085,1,0
144,1,2015,26-09-2015 18:00,75,83,2,5,0.0518,0.0888,0.8594,1,2
145,1,2015,26-09-2015 18:00,87,71,3,2,0.5951,0.2444,0.1605,1,0
146,1,2015,26-09-2015 18:00,89,77,3,0,0.8918,0.0905,0.0177,1,0
147,1,2015,26-09-2015 18:00,81,79,2,2,0.6699,0.1845,0.1456,1,1
148,1,2015,26-09-2015 20:30,86,80,2,2,0.1859,0.291,0.5231,1,0
149,1,2015,27-09-2015 19:00,90,78,0,1,0.0569,0.1435,0.7996,0,0
150,1,2015,28-09-2015 23:00,76,72,2,3,0.1438,0.2157,0.6405,1,0
151,1,2015,03-10-2015 15:45,78,76,2,0,0.8739,0.1063,0.0198,0,0
152,1,2015,03-10-2015 18:00,71,85,0,1,0.2754,0.3399,0.3847,0,0
153,1,2015,03-10-2015 18:00,73,90,1,1,0.5344,0.2944,0.1712,1,1
154,1,2015,03-10-2015 18:00,88,86,6,1,0.8752,0.0868,0.038,1,1
155,1,2015,03-10-2015 18:00,79,75,1,2,0.0678,0.1304,0.8018,0,1
156,1,2015,03-10-2015 18:00,77,81,2,2,0.1641,0.2374,0.5985,2,1
157,1,2015,03-10-2015 20:30,80,74,1,3,0.1026,0.2361,0.6613,1,1
158,1,2015,04-10-2015 16:30,72,87,1,1,0.326,0.2934,0.3806,1,1
159,1,2015,04-10-2015 19:00,84,82,2,2,0.2346,0.3024,0.463,2,1
160,1,2015,04-10-2015 19:00,83,89,3,0,0.6748,0.2088,0.1164,3,0
161,1,2015,17-10-2015 15:45,82,87,0,0,0.2472,0.4004,0.3524,0,0
162,1,2015,17-10-2015 18:00,74,75,2,2,0.1307,0.1851,0.6842,2,0
163,1,2015,17-10-2015 18:00,76,77,1,0,0.8061,0.1513,0.0426,0,0
164,1,2015,17-10-2015 18:00,80,71,2,0,0.4675,0.3206,0.2119,1,0
165,1,2015,17-10-2015 18:00,78,81,1,3,0.0623,0.1503,0.7874,1,1
166,1,2015,17-10-2015 18:00,72,89,0,3,0.1498,0.2575,0.5927,0,2
167,1,2015,17-10-2015 18:00,88,73,5,1,0.9979,0.0021,0,4,1
168,1,2015,17-10-2015 20:30,90,83,0,3,0.0097,0.0629,0.9274,0,0
169,1,2015,18-10-2015 19:00,86,79,6,2,0.602,0.2198,0.1782,3,2
170,1,2015,19-10-2015 23:00,84,85,0,1,0.0635,0.2,0.7365,0,1
171,1,2015,24-10-2015 18:00,71,84,1,2,0.1816,0.2666,0.5518,0,0
172,1,2015,24-10-2015 18:00,75,78,1,0,0.8261,0.1547,0.0192,0,0
173,1,2015,24-10-2015 18:00,81,80,2,1,0.225,0.3316,0.4434,1,0
174,1,2015,24-10-2015 18:00,79,76,0,1,0.222,0.2908,0.4872,0,0
175,1,2015,24-10-2015 18:00,85,90,0,2,0.2846,0.3308,0.3846,0,1
176,1,2015,24-10-2015 20:30,83,72,2,1,0.9041,0.0765,0.0194,2,1
177,1,2015,25-10-2015 16:00,77,86,3,0,0.6564,0.2071,0.1365,1,0
178,1,2015,25-10-2015 18:05,73,82,1,5,0.0068,0.0322,0.961,1,3
179,1,2015,25-10-2015 18:05,89,88,0,0,0.2594,0.5534,0.1872,0,0
180,1,2015,25-10-2015 20:15,87,74,1,1,0.0977,0.2344,0.6679,0,0
181,1,2015,31-10-2015 16:45,80,87,1,3,0.2926,0.3688,0.3386,1,1
182,1,2015,31-10-2015 19:00,78,89,0,0,0.5081,0.3484,0.1435,0,0
183,1,2015,31-10-2015 19:00,88,79,2,1,0.8173,0.1426,0.0401,0,0
184,1,2015,31-10-2015 19:00,86,85,0,0,0.3105,0.2908,0.3987,0,0
185,1,2015,31-10-2015 19:00,84,83,0,3,0.0193,0.1095,0.8712,0,0
186,1,2015,31-10-2015 19:00,90,81,2,0,0.6357,0.2435,0.1208,1,0
187,1,2015,31-10-2015 19:00,76,75,2,3,0.195,0.2452,0.5598,1,0
188,1,2015,01-11-2015 17:30,72,77,6,2,0.6652,0.1906,0.1442,2,1
189,1,2015,01-11-2015 20:00,74,73,2,0,0.4914,0.3147,0.1939,2,0
190,1,2015,03-11-2015 00:00,82,71,3,1,0.5938,0.3045,0.1017,2,0
191,1,2015,07-11-2015 16:45,73,86,0,1,0.4623,0.354,0.1837,0,1
192,1,2015,07-11-2015 19:00,75,90,2,1,0.4997,0.3379,0.1624,0,0
193,1,2015,07-11-2015 19:00,89,76,2,0,0.5652,0.3248,0.11,0,0
194,1,2015,07-11-2015 19:00,79,84,1,0,0.6144,0.2848,0.1008,0,0
195,1,2015,07-11-2015 19:00,81,72,1,1,0.1745,0.3264,0.4991,1,1
196,1,2015,07-11-2015 19:00,77,74,0,1,0.0343,0.1484,0.8173,0,0
197,1,2015,07-11-2015 21:30,85,80,1,0,0.2791,0.3323,0.3886,0,0
198,1,2015,08-11-2015 17:30,71,88,0,0,0.0255,0.168,0.8065,0,0
199,1,2015,08-11-2015 20:00,83,82,1,1,0.6761,0.1989,0.125,0,1
200,1,2015,08-11-2015 20:00,87,78,1,2,0.7015,0.1917,0.1068,1,1
201,1,2015,21-11-2015 16:45,90,89,1,2,0.4077,0.2975,0.2948,0,1
202,1,2015,21-11-2015 19:00,84,73,2,2,0.4528,0.2667,0.2805,2,2
203,1,2015,21-11-2015 19:00,74,85,0,1,0.2046,0.3092,0.4862,0,1
204,1,2015,21-11-2015 19:00,76,83,2,1,0.0257,0.1089,0.8654,2,1
205,1,2015,21-11-2015 19:00,86,75,0,3,0.0047,0.0279,0.9674,0,1
206,1,2015,21-11-2015 19:00,72,71,4,0,0.9355,0.0534,0.0111,3,0
207,1,2015,21-11-2015 19:00,80,79,1,0,0.8702,0.1111,0.0187,0,0
208,1,2015,21-11-2015 21:30,88,87,1,4,0.0916,0.1649,0.7435,1,3
209,1,2015,22-11-2015 20:00,82,81,4,1,0.8979,0.0791,0.023,2,0
210,1,2015,24-11-2015 00:00,78,77,0,1,0.1696,0.283,0.5474,0,0
211,1,2015,28-11-2015 19:00,77,85,2,0,0.3156,0.367,0.3174,0,0
212,1,2015,28-11-2015 19:00,71,90,2,3,0.3732,0.2821,0.3447,1,1
213,1,2015,28-11-2015 19:00,73,72,3,3,0.6317,0.2298,0.1385,0,2
214,1,2015,28-11-2015 19:00,78,86,5,1,0.5981,0.2543,0.1476,3,1
215,1,2015,28-11-2015 19:00,88,74,3,1,0.6125,0.2333,0.1542,2,0
216,1,2015,28-11-2015 21:30,75,89,1,1,0.2717,0.3525,0.3758,1,1
217,1,2015,29-11-2015 16:00,82,80,0,0,0.2151,0.5885,0.1964,0,0
218,1,2015,29-11-2015 18:05,81,76,1,1,0.4799,0.3079,0.2122,1,0
219,1,2015,29-11-2015 20:15,87,84,1,0,0.6697,0.2541,0.0762,0,0
220,1,2015,29-11-2015 20:15,79,83,1,1,0.1807,0.2772,0.5421,1,1
221,1,2015,05-12-2015 16:45,85,88,2,0,0.8008,0.1534,0.0458,2,0
222,1,2015,05-12-2015 19:00,84,75,0,3,0.0979,0.1674,0.7347,0,2
223,1,2015,05-12-2015 19:00,90,79,2,0,0.8662,0.1112,0.0226,1,0
224,1,2015,05-12-2015 19:00,76,82,1,1,0.4505,0.317,0.2325,1,1
225,1,2015,05-12-2015 19:00,83,77,3,1,0.5667,0.2329,0.2004,1,1
226,1,2015,05-12-2015 19:00,89,81,0,0,0.5319,0.2566,0.2115,0,0
227,1,2015,05-12-2015 19:00,74,71,1,1,0.7861,0.143,0.0709,0,1
228,1,2015,05-12-2015 21:30,80,73,0,1,0.4674,0.2706,0.262,0,0
229,1,2015,06-12-2015 20:00,86,87,2,0,0.1975,0.3505,0.452,0,0
230,1,2015,08-12-2015 00:00,72,78,1,1,0.5012,0.2789,0.2199,0,0
231,1,2015,12-12-2015 16:45,79,72,1,1,0.164,0.2323,0.6037,0,1
232,1,2015,12-12-2015 19:00,88,84,2,1,0.4645,0.2816,0.2539,1,0
233,1,2015,12-12-2015 19:00,77,90,0,1,0.1156,0.2107,0.6737,0,1
234,1,2015,12-12-2015 19:00,78,74,1,0,0.4797,0.2971,0.2232,1,0
235,1,2015,12-12-2015 19:00,81,85,0,0,0.1888,0.2353,0.5759,0,0
236,1,2015,12-12-2015 21:30,73,89,2,1,0.1405,0.2388,0.6207,1,1
237,1,2015,13-12-2015 17:30,71,83,0,2,0.1716,0.2615,0.5669,0,2
238,1,2015,13-12-2015 20:00,87,76,2,2,0.6992,0.2027,0.0981,1,1
239,1,2015,13-12-2015 20:00,82,86,1,2,0.1837,0.2912,0.5251,1,0
240,1,2015,15-12-2015 00:00,75,80,2,1,0.0526,0.1514,0.796,1,0
241,1,2015,19-12-2015 19:00,76,73,1,2,0.0774,0.2036,0.719,0,0
242,1,2015,19-12-2015 19:00,74,82,0,2,0.178,0.2709,0.5511,0,2
243,1,2015,19-12-2015 19:00,85,78,1,2,0.4761,0.2468,0.2771,0,1
244,1,2015,19-12-2015 19:00,80,77,3,1,0.8122,0.1333,0.0545,2,0
245,1,2015,19-12-2015 19:00,72,75,2,3,0.1942,0.2849,0.5209,1,1
246,1,2015,19-12-2015 19:00,89,79,1,2,0.4673,0.3409,0.1918,0,1
247,1,2015,19-12-2015 21:30,86,71,1,1,0.6335,0.2673,0.0992,1,0
248,1,2015,20-12-2015 17:30,90,87,3,0,0.8673,0.104,0.0287,2,0
249,1,2015,20-12-2015 20:00,84,81,0,0,0.4913,0.358,0.1507,0,0
250,1,2015,22-12-2015 00:00,83,88,2,1,0.5799,0.261,0.1591,2,0
251,1,2015,26-12-2015 16:45,85,89,2,0,0.3096,0.311,0.3794,2,0
252,1,2015,26-12-2015 19:00,84,76,1,0,0.6207,0.2896,0.0897,1,0
253,1,2015,26-12-2015 19:00,82,79,3,0,0.8655,0.1065,0.028,2,0
254,1,2015,26-12-2015 19:00,71,81,1,1,0.5853,0.2727,0.142,0,1
255,1,2015,26-12-2015 19:00,73,78,0,0,0.4664,0.3836,0.15,0,0
256,1,2015,26-12-2015 19:00,80,90,2,2,0.4647,0.2681,0.2672,1,1
257,1,2015,26-12-2015 19:00,87,75,1,0,0.6019,0.2772,0.1209,0,0
258,1,2015,26-12-2015 19:00,88,77,4,1,0.898,0.076,0.026,3,0
259,1,2015,26-12-2015 21:30,86,72,0,1,0.281,0.2713,0.4477,0,0
260,1,2015,26-12-2015 23:45,74,83,4,0,0.7896,0.1524,0.058,1,0
261,1,2015,28-12-2015 19:00,76,86,1,0,0.7878,0.1548,0.0574,0,0
262,1,2015,28-12-2015 19:00,90,82,1,2,0.5728,0.3087,0.1185,1,1
263,1,2015,28-12-2015 19:00,79,71,2,0,0.6386,0.2924,0.069,1,0
264,1,2015,28-12-2015 19:00,78,84,0,0,0.5035,0.4244,0.0721,0,0
265,1,2015,28-12-2015 19:00,72,85,3,4,0.5398,0.2561,0.2041,1,2
266,1,2015,28-12-2015 21:30,83,73,2,0,0.9481,0.0435,0.0084,1,0
267,1,2015,28-12-2015 21:30,89,80,0,0,0.4964,0.3069,0.1967,0,0
268,1,2015,28-12-2015 21:30,81,74,2,1,0.4794,0.2713,0.2493,0,1
269,1,2015,29-12-2015 23:45,75,88,0,0,0.1529,0.2457,0.6014,0,0
270,1,2015,30-12-2015 23:45,77,87,0,1,0.0688,0.1947,0.7365,0,0
271,1,2015,02-01-2016 16:45,81,87,2,0,0.4218,0.2629,0.3153,1,0
272,1,2015,02-01-2016 19:00,76,85,2,1,0.5918,0.2634,0.1448,0,0
273,1,2015,02-01-2016 19:00,83,86,1,0,0.5807,0.2277,0.1916,0,0
274,1,2015,02-01-2016 19:00,75,73,0,0,0.6484,0.2224,0.1292,0,0
275,1,2015,02-01-2016 19:00,89,84,2,1,0.6836,0.2232,0.0932,0,0
276,1,2015,02-01-2016 19:00,79,74,1,0,0.5291,0.2772,0.1937,0,0
277,1,2015,02-01-2016 19:00,77,71,3,1,0.4432,0.4303,0.1265,1,0
278,1,2015,02-01-2016 21:30,90,88,1,2,0.4296,0.3301,0.2403,0,0
279,1,2015,03-01-2016 17:30,78,80,0,3,0.0296,0.1141,0.8563,0,1
280,1,2015,03-01-2016 20:00,72,82,1,1,0.3064,0.3709,0.3227,1,1
281,1,2015,12-01-2016 23:45,86,89,3,3,0.2452,0.2462,0.5086,1,2
282,1,2015,12-01-2016 23:45,71,78,1,0,0.2757,0.4363,0.288,0,0
283,1,2015,12-01-2016 23:45,73,81,1,3,0.1899,0.3365,0.4736,1,0
284,1,2015,13-01-2016 23:45,74,90,2,0,0.8237,0.1591,0.0172,1,0
285,1,2015,13-01-2016 23:45,85,79,3,1,0.6995,0.2532,0.0473,0,0
286,1,2015,13-01-2016 23:45,84,77,2,4,0.0471,0.1615,0.7914,2,1
287,1,2015,13-01-2016 23:45,80,76,2,2,0.5706,0.2724,0.157,1,1
288,1,2015,13-01-2016 23:45,88,72,0,0,0.6669,0.2516,0.0815,0,0
289,1,2015,14-01-2016 00:00,87,83,3,3,0.1365,0.1982,0.6653,2,2
290,1,2015,14-01-2016 00:00,82,75,0,1,0.5268,0.3044,0.1688,0,0
291,1,2015,16-01-2016 16:45,82,77,4,1,0.7545,0.1805,0.065,1,1
292,1,2015,16-01-2016 19:00,88,78,4,0,0.6974,0.2173,0.0853,2,0
293,1,2015,16-01-2016 19:00,86,81,2,1,0.566,0.2425,0.1915,2,0
294,1,2015,16-01-2016 19:00,74,76,3,0,0.7089,0.2237,0.0674,2,0
295,1,2015,16-01-2016 19:00,80,72,3,3,0.6084,0.2338,0.1578,0,0
296,1,2015,16-01-2016 19:00,73,79,3,0,0.8615,0.1054,0.0331,1,0
297,1,2015,16-01-2016 21:30,71,75,1,1,0.051,0.1399,0.8091,0,1
298,1,2015,17-01-2016 18:05,87,89,0,1,0.379,0.3618,0.2592,0,0
299,1,2015,17-01-2016 20:15,85,83,0,0,0.2667,0.4343,0.299,0,0
300,1,2015,19-01-2016 00:00,84,90,1,0,0.2495,0.4633,0.2872,1,0
301,1,2015,23-01-2016 16:45,79,87,4,5,0.2233,0.3216,0.4551,2,1
302,1,2015,23-01-2016 19:00,78,82,1,3,0.1771,0.2463,0.5766,1,0
303,1,2015,23-01-2016 19:00,89,74,0,1,0.0676,0.3885,0.5439,0,0
304,1,2015,23-01-2016 19:00,75,85,3,0,0.8687,0.1115,0.0198,1,0
305,1,2015,23-01-2016 19:00,76,71,0,0,0.1251,0.5024,0.3725,0,0
306,1,2015,23-01-2016 19:00,77,73,1,1,0.1541,0.2939,0.552,1,1
307,1,2015,23-01-2016 19:00,90,86,2,1,0.6936,0.1839,0.1225,0,0
308,1,2015,23-01-2016 21:30,81,88,2,2,0.1649,0.2729,0.5622,1,1
309,1,2015,24-01-2016 17:30,72,84,1,2,0.5925,0.2715,0.136,1,2
310,1,2015,24-01-2016 20:00,83,80,0,1,0.2445,0.2932,0.4623,0,1
311,1,2015,02-02-2016 23:45,83,74,0,0,0.8857,0.0828,0.0315,0,0
312,1,2015,02-02-2016 23:45,75,87,2,0,0.6,0.271,0.129,0,0
313,1,2015,02-02-2016 23:45,79,82,0,3,0.0469,0.1271,0.826,0,2
314,1,2015,02-02-2016 23:45,77,88,0,1,0.3784,0.3829,0.2387,0,1
315,1,2015,02-02-2016 23:45,81,71,2,0,0.9456,0.0506,0.0038,0,0
316,1,2015,03-02-2016 00:00,78,73,1,2,0.484,0.2782,0.2378,1,1
317,1,2015,03-02-2016 00:00,89,85,3,0,0.8985,0.0829,0.0186,2,0
318,1,2015,03-02-2016 00:00,76,84,1,1,0.667,0.1986,0.1344,0,0
319,1,2015,03-02-2016 23:45,72,86,3,0,0.8645,0.1082,0.0273,1,0
320,1,2015,03-02-2016 23:45,90,80,0,0,0.1544,0.313,0.5326,0,0
321,1,2015,06-02-2016 16:45,88,75,1,3,0.2193,0.2132,0.5675,0,1
322,1,2015,06-02-2016 19:00,86,76,1,0,0.8488,0.1166,0.0346,1,0
323,1,2015,06-02-2016 19:00,85,72,0,3,0.0284,0.0805,0.8911,0,3
324,1,2015,06-02-2016 19:00,82,90,1,0,0.8571,0.1263,0.0166,0,0
325,1,2015,06-02-2016 19:00,84,78,1,1,0.4121,0.3042,0.2837,1,0
326,1,2015,06-02-2016 19:00,71,79,2,0,0.2751,0.3144,0.4105,1,0
327,1,2015,06-02-2016 19:00,87,77,2,2,0.6829,0.2273,0.0898,0,0
328,1,2015,06-02-2016 21:30,74,81,1,0,0.3839,0.3199,0.2962,1,0
329,1,2015,07-02-2016 17:30,73,83,0,2,0.171,0.3165,0.5125,0,2
330,1,2015,07-02-2016 20:00,80,89,1,1,0.603,0.2449,0.1521,0,0
331,1,2015,13-02-2016 16:45,77,89,2,1,0.5111,0.2694,0.2195,1,1
332,1,2015,13-02-2016 19:00,84,74,0,1,0.2038,0.3107,0.4855,0,0
333,1,2015,13-02-2016 19:00,79,81,2,2,0.4293,0.3326,0.2381,0,0
334,1,2015,13-02-2016 19:00,72,76,0,1,0.5109,0.2919,0.1972,0,1
335,1,2015,13-02-2016 19:00,78,90,1,2,0.1024,0.2248,0.6728,1,1
336,1,2015,13-02-2016 19:00,73,85,1,3,0.4243,0.3188,0.2569,0,1
337,1,2015,13-02-2016 21:30,80,86,5,1,0.8205,0.1398,0.0397,3,0
338,1,2015,14-02-2016 16:00,83,75,2,1,0.6167,0.226,0.1573,0,1
339,1,2015,14-02-2016 18:05,71,87,0,6,0.0134,0.1023,0.8843,0,2
340,1,2015,14-02-2016 20:15,88,82,1,2,0.5529,0.2744,0.1727,0,0
341,1,2015,27-02-2016 16:45,81,77,1,0,0.1598,0.3332,0.507,1,0
342,1,2015,27-02-2016 19:00,90,73,0,0,0.3398,0.3331,0.3271,0,0
343,1,2015,27-02-2016 19:00,75,79,1,0,0.6639,0.2299,0.1062,0,0
344,1,2015,27-02-2016 19:00,74,80,1,2,0.4643,0.3336,0.2021,1,0
345,1,2015,27-02-2016 19:00,85,71,2,1,0.8681,0.1145,0.0174,0,0
346,1,2015,27-02-2016 21:30,76,78,3,2,0.6115,0.2385,0.15,3,0
347,1,2015,28-02-2016 18:05,82,84,2,1,0.8519,0.0974,0.0507,0,1
348,1,2015,28-02-2016 18:05,89,83,3,2,0.2349,0.2833,0.4818,2,1
349,1,2015,01-03-2016 23:45,71,72,1,3,0.0406,0.1041,0.8553,0,2
350,1,2015,01-03-2016 23:45,73,74,2,0,0.4826,0.3075,0.2099,1,0
351,1,2015,01-03-2016 23:45,75,76,2,2,0.7895,0.1435,0.067,2,1
352,1,2015,01-03-2016 23:45,77,78,2,2,0.3515,0.3282,0.3203,1,0
353,1,2015,01-03-2016 23:45,79,80,1,2,0.4305,0.3041,0.2654,0,2
354,1,2015,02-03-2016 23:45,81,82,1,0,0.199,0.2961,0.5049,1,0
355,1,2015,02-03-2016 23:45,83,84,1,2,0.2983,0.2716,0.4301,1,1
356,1,2015,02-03-2016 23:45,85,86,1,0,0.2002,0.614,0.1858,0,0
357,1,2015,03-03-2016 00:00,87,88,3,0,0.6854,0.2704,0.0442,2,0
358,1,2015,03-03-2016 00:00,89,90,1,0,0.0969,0.1716,0.7315,0,0
359,1,2015,05-03-2016 16:45,82,83,2,2,0.7353,0.1861,0.0786,0,1
360,1,2015,05-03-2016 19:00,74,77,1,1,0.4147,0.2789,0.3064,0,0
361,1,2015,05-03-2016 19:00,84,79,1,0,0.2762,0.4246,0.2992,0,0
362,1,2015,05-03-2016 19:00,80,85,1,1,0.2301,0.2578,0.5121,1,0
363,1,2015,05-03-2016 19:00,72,81,2,3,0.2512,0.2213,0.5275,1,0
364,1,2015,05-03-2016 19:00,88,71,4,0,0.9594,0.0378,0.0028,0,0
365,1,2015,05-03-2016 19:00,86,73,1,3,0.2406,0.2977,0.4617,0,1
366,1,2015,05-03-2016 21:30,90,75,0,1,0.1857,0.2834,0.5309,0,0
367,1,2015,06-03-2016 17:30,78,87,1,2,0.1751,0.2328,0.5921,0,0
368,1,2015,06-03-2016 20:00,76,89,1,0,0.3171,0.4628,0.2201,0,0
369,1,2015,12-03-2016 16:45,79,88,0,0,0.0732,0.5371,0.3897,0,0
370,1,2015,12-03-2016 19:00,85,74,1,2,0.4052,0.3218,0.273,0,2
371,1,2015,12-03-2016 19:00,73,84,3,2,0.2141,0.3125,0.4734,1,1
372,1,2015,13-03-2016 20:00,71,82,0,2,0.3505,0.2544,0.3951,0,1
373,1,2015,14-03-2016 00:00,75,86,1,0,0.4128,0.3765,0.2107,1,0
374,1,2015,19-03-2016 16:45,72,83,0,2,0.0621,0.1765,0.7614,0,2
375,1,2015,19-03-2016 19:00,78,75,0,1,0.2303,0.3048,0.4649,0,1
376,1,2015,19-03-2016 19:00,80,81,2,2,0.7106,0.188,0.1014,1,1
377,1,2015,19-03-2016 19:00,90,85,1,2,0.1641,0.2743,0.5616,0,1
378,1,2015,19-03-2016 19:00,76,79,0,1,0.1296,0.3914,0.479,0,0
379,1,2015,19-03-2016 21:30,84,71,1,0,0.2134,0.4131,0.3735,0,0
380,1,2015,20-03-2016 17:30,74,87,3,2,0.4416,0.28,0.2784,0,2
381,1,2015,20-03-2016 17:30,86,77,1,1,0.3775,0.34,0.2825,0,1
382,1,2015,20-03-2016 20:00,88,89,0,1,0.6074,0.2416,0.151,0,1
383,1,2015,20-03-2016 20:00,82,73,3,0,0.894,0.0965,0.0095,2,0
384,1,2015,02-04-2016 15:45,71,80,0,4,0.0442,0.1162,0.8396,0,2
385,1,2015,02-04-2016 18:00,83,90,4,0,0.9558,0.0384,0.0058,2,0
386,1,2015,02-04-2016 18:00,73,88,0,4,0.4982,0.2815,0.2203,0,3
387,1,2015,02-04-2016 18:00,79,86,3,2,0.4074,0.2903,0.3023,1,0
388,1,2015,02-04-2016 18:00,85,84,2,2,0.6017,0.289,0.1093,1,0
389,1,2015,02-04-2016 18:00,77,76,0,0,0.7948,0.1948,0.0104,0,0
390,1,2015,02-04-2016 18:00,81,78,2,2,0.372,0.2703,0.3577,2,1
391,1,2015,02-04-2016 20:30,87,82,1,1,0.3938,0.2732,0.333,0,0
392,1,2015,03-04-2016 16:30,75,74,1,0,0.5671,0.2844,0.1485,1,0
393,1,2015,03-04-2016 19:00,89,72,1,0,0.4179,0.3492,0.2329,0,0
394,1,2015,09-04-2016 15:45,81,83,3,3,0.2672,0.2662,0.4666,2,2
395,1,2015,09-04-2016 18:00,90,72,1,1,0.0705,0.2082,0.7213,1,1
396,1,2015,09-04-2016 18:00,74,86,3,1,0.8328,0.1432,0.024,2,0
397,1,2015,09-04-2016 18:00,84,80,1,0,0.5249,0.2659,0.2092,1,0
398,1,2015,09-04-2016 18:00,71,73,1,2,0.0717,0.3483,0.58,0,1
399,1,2015,09-04-2016 18:00,78,79,1,0,0.592,0.2654,0.1426,0,0
400,1,2015,09-04-2016 20:30,88,76,2,1,0.6542,0.2287,0.1171,1,1
401,1,2015,10-04-2016 16:30,77,75,0,2,0.0576,0.1406,0.8018,0,0
402,1,2015,10-04-2016 19:00,82,89,3,0,0.7806,0.1721,0.0473,0,0
403,1,2015,10-04-2016 19:00,87,85,4,1,0.7428,0.1704,0.0868,2,1
404,1,2015,13-04-2016 23:00,78,72,0,0,0.5854,0.2516,0.163,0,0
405,1,2015,16-04-2016 15:45,79,77,0,3,0.1464,0.228,0.6256,0,1
406,1,2015,16-04-2016 18:00,89,71,1,0,0.6032,0.3146,0.0822,1,0
407,1,2015,16-04-2016 18:00,72,74,1,1,0.0721,0.2592,0.6687,0,0
408,1,2015,16-04-2016 18:00,86,84,3,0,0.5735,0.2656,0.1609,1,0
409,1,2015,16-04-2016 18:00,76,90,0,1,0.8984,0.0836,0.018,0,1
410,1,2015,16-04-2016 20:30,80,88,0,3,0.0231,0.081,0.8959,0,1
411,1,2015,17-04-2016 16:30,75,81,2,2,0.4751,0.2838,0.2411,1,0
412,1,2015,17-04-2016 16:30,73,87,1,2,0.1384,0.2284,0.6332,0,2
413,1,2015,17-04-2016 19:00,83,78,1,1,0.7641,0.1886,0.0473,1,0
414,1,2015,18-04-2016 23:00,85,82,0,4,0.0203,0.0793,0.9004,0,1
415,1,2015,19-04-2016 22:45,86,88,1,1,0.2521,0.4631,0.2848,1,1
416,1,2015,20-04-2016 22:45,81,90,3,1,0.9281,0.055,0.0169,2,0
417,1,2015,20-04-2016 23:00,89,78,2,0,0.8173,0.1625,0.0202,1,0
418,1,2015,20-04-2016 23:00,87,72,4,0,0.9664,0.0314,0.0022,2,0
419,1,2015,21-04-2016 22:45,83,76,2,0,0.4846,0.305,0.2104,2,0
420,1,2015,23-04-2016 15:45,88,85,4,0,0.6826,0.1953,0.1221,2,0
421,1,2015,23-04-2016 18:00,71,74,2,4,0.0697,0.1061,0.8242,1,2
422,1,2015,23-04-2016 18:00,73,80,1,4,0.0702,0.1646,0.7652,1,2
423,1,2015,23-04-2016 18:00,87,86,2,2,0.4419,0.4427,0.1154,2,0
424,1,2015,24-04-2016 17:05,77,83,0,0,0.2275,0.345,0.4275,0,0
425,1,2015,24-04-2016 19:15,75,84,4,0,0.9598,0.0341,0.0061,2,0
426,1,2015,25-04-2016 23:00,82,76,1,1,0.4449,0.3018,0.2533,1,0
427,1,2015,30-04-2016 18:00,85,77,1,1,0.1341,0.2734,0.5925,0,0
428,1,2015,30-04-2016 18:00,86,78,1,0,0.1357,0.3261,0.5382,0,0
429,1,2015,30-04-2016 18:00,72,73,2,1,0.2267,0.2866,0.4867,1,1
430,1,2015,30-04-2016 18:00,90,71,3,2,0.5973,0.2809,0.1218,1,1
431,1,2015,30-04-2016 18:00,76,81,0,3,0.4153,0.3091,0.2756,0,2
432,1,2015,30-04-2016 20:30,83,79,1,0,0.3665,0.392,0.2415,0,0
433,1,2015,01-05-2016 15:00,84,87,3,1,0.7697,0.1641,0.0662,2,0
434,1,2015,01-05-2016 17:05,89,75,1,1,0.3522,0.287,0.3608,1,1
435,1,2015,01-05-2016 19:30,74,88,4,2,0.814,0.1401,0.0459,2,1
436,1,2015,02-05-2016 23:00,80,82,2,2,0.1027,0.2163,0.681,0,2
437,1,2015,07-05-2016 15:45,79,89,0,1,0.3319,0.2787,0.3894,0,0
438,1,2015,07-05-2016 18:00,78,85,2,1,0.3608,0.2966,0.3426,0,1
439,1,2015,07-05-2016 18:00,81,84,1,4,0.3543,0.257,0.3887,0,2
440,1,2015,07-05-2016 18:00,71,86,0,0,0.0097,0.2869,0.7034,0,0
441,1,2015,07-05-2016 18:00,73,76,1,1,0.1747,0.3058,0.5195,0,1
442,1,2015,07-05-2016 18:00,77,80,3,2,0.1323,0.2196,0.6481,1,2
443,1,2015,07-05-2016 20:30,75,72,3,1,0.9249,0.0535,0.0216,2,0
444,1,2015,08-05-2016 16:30,82,74,1,2,0.6943,0.1938,0.1119,1,1
445,1,2015,08-05-2016 19:00,87,90,2,0,0.7358,0.1675,0.0967,1,0
446,1,2015,08-05-2016 19:00,88,83,2,2,0.2304,0.3122,0.4574,1,1
447,1,2015,10-05-2016 23:30,81,89,3,2,0.7557,0.1832,0.0611,1,0
448,1,2015,11-05-2016 22:45,79,90,4,2,0.5392,0.2364,0.2244,3,1
449,1,2015,11-05-2016 22:45,77,72,3,0,0.7137,0.1909,0.0954,2,0
450,1,2015,11-05-2016 23:00,87,80,1,1,0.6351,0.2204,0.1445,0,1
451,1,2015,15-05-2016 18:00,83,71,4,0,0.9677,0.0283,0.004,1,0
452,1,2015,15-05-2016 18:00,80,75,1,1,0.5337,0.254,0.2123,0,0
453,1,2015,15-05-2016 18:00,72,79,3,0,0.8762,0.0991,0.0247,2,0
454,1,2015,15-05-2016 18:00,86,82,5,1,0.7615,0.1586,0.0799,2,0
455,1,2015,15-05-2016 18:00,74,78,4,1,0.6471,0.2062,0.1467,1,0
456,1,2015,15-05-2016 18:00,85,81,2,1,0.0079,0.0486,0.9435,0,1
457,1,2015,15-05-2016 18:00,84,88,1,1,0.0059,0.0703,0.9238,1,1
458,1,2015,15-05-2016 18:00,90,77,2,2,0.6536,0.2276,0.1188,0,1
459,1,2015,15-05-2016 18:00,76,87,1,1,0.81,0.1498,0.0402,1,1
460,1,2015,17-05-2016 23:00,89,73,3,1,0.7221,0.2007,0.0772,1,0
461,1,2016,13-08-2016 15:30,91,75,2,1,0.0538,0.1247,0.8215,1,0
462,1,2016,13-08-2016 18:00,78,76,0,1,0.4295,0.3356,0.2349,0,0
463,1,2016,13-08-2016 18:00,72,82,1,1,0.2313,0.3322,0.4365,1,0
464,1,2016,13-08-2016 18:00,92,84,0,1,0.1626,0.2888,0.5486,0,0
465,1,2016,13-08-2016 18:00,93,85,1,1,0.7885,0.1624,0.0491,1,0
466,1,2016,13-08-2016 18:00,74,90,1,1,0.5425,0.3917,0.0658,0,1
467,1,2016,13-08-2016 20:30,88,77,2,1,0.598,0.2506,0.1514,1,0
468,1,2016,14-08-2016 16:30,73,89,1,3,0.0548,0.159,0.7862,0,1
469,1,2016,14-08-2016 19:00,83,87,3,4,0.2393,0.2859,0.4748,1,1
470,1,2016,15-08-2016 23:00,80,81,2,1,0.6858,0.2362,0.078,0,0
471,1,2016,19-08-2016 23:00,89,74,2,0,0.6019,0.2712,0.1269,1,0
472,1,2016,20-08-2016 15:30,85,88,1,4,0.1427,0.2554,0.6019,0,2
473,1,2016,20-08-2016 18:00,92,87,2,0,0.0721,0.373,0.5549,2,0
474,1,2016,20-08-2016 18:00,84,91,0,2,0.135,0.2041,0.6609,0,0
475,1,2016,20-08-2016 18:00,82,78,1,0,0.8706,0.1053,0.0241,0,0
476,1,2016,20-08-2016 18:00,90,80,1,2,0.1078,0.2467,0.6455,0,0
477,1,2016,20-08-2016 18:00,76,72,1,2,0.3984,0.2562,0.3454,1,1
478,1,2016,20-08-2016 20:30,75,83,0,0,0.2918,0.4486,0.2596,0,0
479,1,2016,21-08-2016 16:30,77,93,1,2,0.5193,0.2957,0.185,0,2
480,1,2016,21-08-2016 19:00,81,73,1,0,0.7472,0.1962,0.0566,0,0
481,1,2016,27-08-2016 15:30,82,87,1,1,0.0672,0.1704,0.7624,0,1
482,1,2016,27-08-2016 18:00,90,83,1,3,0.1375,0.2184,0.6441,0,3
483,1,2016,27-08-2016 18:00,75,84,2,1,0.9129,0.0717,0.0154,1,0
484,1,2016,27-08-2016 18:00,74,77,1,1,0.1211,0.2572,0.6217,0,0
485,1,2016,27-08-2016 18:00,80,92,3,0,0.9265,0.0623,0.0112,2,0
486,1,2016,27-08-2016 18:00,78,73,1,1,0.7804,0.1446,0.075,0,1
487,1,2016,27-08-2016 18:00,72,85,1,0,0.9114,0.0778,0.0108,0,0
488,1,2016,27-08-2016 20:30,91,89,0,1,0.0115,0.0622,0.9263,0,0
489,1,2016,28-08-2016 16:30,76,93,0,0,0.383,0.4435,0.1735,0,0
490,1,2016,28-08-2016 19:00,88,81,3,1,0.8305,0.1137,0.0558,2,0
491,1,2016,10-09-2016 15:30,89,88,1,2,0.1589,0.2351,0.606,1,2
492,1,2016,10-09-2016 18:00,93,78,1,2,0.1752,0.317,0.5078,1,1
493,1,2016,10-09-2016 18:00,85,82,0,4,0.0711,0.1311,0.7978,0,1
494,1,2016,10-09-2016 18:00,83,74,2,1,0.5518,0.2623,0.1859,1,1
495,1,2016,10-09-2016 18:00,73,76,1,0,0.2038,0.287,0.5092,0,0
496,1,2016,10-09-2016 18:00,92,91,1,1,0.1647,0.3618,0.4735,0,0
497,1,2016,10-09-2016 18:00,81,90,2,4,0.2437,0.2487,0.5076,2,2
498,1,2016,10-09-2016 20:30,87,75,4,1,0.7347,0.1643,0.101,2,1
499,1,2016,11-09-2016 19:00,84,80,2,2,0.1643,0.2464,0.5893,0,1
500,1,2016,12-09-2016 23:00,77,72,0,3,0.0753,0.141,0.7837,0,0
501,1,2016,16-09-2016 23:00,80,87,1,2,0.272,0.3052,0.4228,0,2
502,1,2016,17-09-2016 18:00,91,83,1,4,0.0142,0.0649,0.9209,0,1
503,1,2016,17-09-2016 18:00,75,92,3,0,0.8043,0.155,0.0407,1,0
504,1,2016,17-09-2016 18:00,88,73,4,0,0.971,0.0252,0.0038,2,0
505,1,2016,17-09-2016 18:00,76,81,4,2,0.2819,0.2606,0.4575,3,0
506,1,2016,17-09-2016 20:30,72,93,3,1,0.6985,0.2628,0.0387,3,1
507,1,2016,18-09-2016 15:00,90,89,3,1,0.4477,0.2906,0.2617,1,0
508,1,2016,18-09-2016 17:15,78,85,4,1,0.3724,0.3114,0.3162,2,0
509,1,2016,18-09-2016 17:15,74,84,1,0,0.7973,0.1491,0.0536,0,0
510,1,2016,18-09-2016 19:30,82,77,1,0,0.7549,0.1649,0.0802,0,0
511,1,2016,24-09-2016 15:30,89,75,4,1,0.9268,0.0632,0.01,4,0
512,1,2016,24-09-2016 18:00,93,82,1,2,0.0804,0.2526,0.667,0,2
513,1,2016,24-09-2016 18:00,85,76,1,1,0.548,0.3567,0.0953,0,0
514,1,2016,24-09-2016 18:00,77,78,2,3,0.3215,0.2471,0.4314,1,0
515,1,2016,24-09-2016 15:00,84,88,1,3,0.0867,0.1701,0.7432,1,1
516,1,2016,24-09-2016 18:00,87,91,5,1,0.9966,0.0031,0.0003,3,0
517,1,2016,24-09-2016 18:00,73,72,1,0,0.1971,0.3117,0.4912,1,0
518,1,2016,24-09-2016 20:30,83,80,3,0,0.6565,0.2356,0.1079,3,0
519,1,2016,25-09-2016 19:00,81,74,0,3,0.0297,0.0847,0.8856,0,1
520,1,2016,26-09-2016 23:00,92,90,2,0,0.2333,0.3913,0.3754,1,0
521,1,2016,30-09-2016 23:00,72,78,1,1,0.5569,0.307,0.1361,1,0
522,1,2016,01-10-2016 15:30,84,87,1,2,0.5431,0.2294,0.2275,1,0
523,1,2016,01-10-2016 18:00,77,76,1,1,0.4588,0.3018,0.2394,0,1
524,1,2016,01-10-2016 18:00,91,80,0,2,0.0297,0.1375,0.8328,0,0
525,1,2016,01-10-2016 18:00,90,73,2,2,0.326,0.2881,0.3859,0,1
526,1,2016,01-10-2016 18:00,81,93,1,1,0.3342,0.3449,0.3209,0,0
527,1,2016,02-10-2016 15:00,89,85,1,1,0.7652,0.1639,0.0709,0,0
528,1,2016,02-10-2016 17:15,75,74,0,0,0.1629,0.363,0.4741,0,0
529,1,2016,02-10-2016 17:15,82,88,2,0,0.5923,0.2545,0.1532,2,0
530,1,2016,02-10-2016 19:30,92,83,0,1,0.0608,0.2093,0.7299,0,0
531,1,2016,15-10-2016 15:30,80,75,3,0,0.9675,0.0292,0.0033,2,0
532,1,2016,15-10-2016 18:00,83,84,3,2,0.7551,0.1347,0.1102,2,1
533,1,2016,15-10-2016 18:00,73,91,6,1,0.924,0.0631,0.0129,3,1
534,1,2016,15-10-2016 18:00,88,72,1,1,0.9671,0.0307,0.0022,0,0
535,1,2016,15-10-2016 18:00,85,77,2,0,0.814,0.1357,0.0503,2,0
536,1,2016,15-10-2016 18:00,76,82,1,1,0.3671,0.296,0.3369,0,0
537,1,2016,15-10-2016 20:30,78,81,0,1,0.6821,0.2098,0.1081,0,1
538,1,2016,16-10-2016 16:30,93,90,0,1,0.3998,0.5508,0.0494,0,0
539,1,2016,16-10-2016 19:00,74,92,3,1,0.9503,0.0391,0.0106,0,0
540,1,2016,17-10-2016 23:00,87,89,0,0,0.1417,0.494,0.3643,0,0
541,1,2016,22-10-2016 15:30,73,82,0,0,0.2292,0.4073,0.3635,0,0
542,1,2016,22-10-2016 18:00,81,77,1,0,0.4506,0.3098,0.2396,0,0
543,1,2016,22-10-2016 18:00,84,90,0,0,0.6242,0.2687,0.1071,0,0
544,1,2016,22-10-2016 18:00,75,78,3,1,0.3854,0.2495,0.3651,1,0
545,1,2016,22-10-2016 18:00,91,85,0,2,0.2395,0.3282,0.4323,0,1
546,1,2016,22-10-2016 18:00,92,72,2,1,0.3938,0.3559,0.2503,1,0
547,1,2016,22-10-2016 18:00,83,93,0,0,0.1319,0.248,0.6201,0,0
548,1,2016,22-10-2016 20:30,87,76,2,1,0.7593,0.1722,0.0685,2,0
549,1,2016,23-10-2016 16:30,88,74,1,1,0.5138,0.3215,0.1647,0,1
550,1,2016,23-10-2016 19:00,80,89,4,0,0.7619,0.1587,0.0794,2,0
551,2,2015,22-08-2015 20:00,94,95,1,1,0.2613,0.3104,0.4283,0,0
552,2,2015,22-08-2015 22:45,96,97,2,1,0.7077,0.2203,0.072,2,1
553,2,2015,23-08-2015 20:00,98,99,0,1,0.6063,0.2542,0.1395,0,0
554,2,2015,23-08-2015 22:45,100,101,1,0,0.6125,0.2407,0.1468,0,0
555,2,2015,23-08-2015 22:45,102,103,5,2,0.1215,0.1927,0.6858,5,1
556,2,2015,23-08-2015 22:45,104,105,2,1,0.6418,0.2121,0.1461,1,1
557,2,2015,23-08-2015 22:45,106,107,1,0,0.5337,0.3338,0.1325,0,0
558,2,2015,23-08-2015 22:45,108,109,1,3,0.4017,0.307,0.2913,1,0
559,2,2015,23-08-2015 22:45,110,111,2,0,0.7661,0.1743,0.0596,1,0
560,2,2015,23-08-2015 22:45,112,113,1,2,0.1341,0.2196,0.6463,1,0
561,2,2015,29-08-2015 20:00,97,104,0,1,0.0599,0.3925,0.5476,0,0
562,2,2015,29-08-2015 22:45,111,108,2,1,0.3571,0.3225,0.3204,1,1
563,2,2015,30-08-2015 20:00,95,98,2,1,0.3167,0.328,0.3553,0,0
564,2,2015,30-08-2015 22:45,113,110,3,1,0.2395,0.3829,0.3776,0,1
565,2,2015,30-08-2015 22:45,99,100,0,1,0.7661,0.1841,0.0498,0,1
566,2,2015,30-08-2015 22:45,105,102,2,2,0.4329,0.2863,0.2808,2,0
567,2,2015,30-08-2015 22:45,103,106,1,2,0.0169,0.0754,0.9077,0,1
568,2,2015,30-08-2015 22:45,109,96,4,0,0.5935,0.2579,0.1486,3,0
569,2,2015,30-08-2015 22:45,101,94,2,0,0.7922,0.153,0.0548,0,0
570,2,2015,30-08-2015 22:45,107,112,2,0,0.889,0.0806,0.0304,1,0
571,2,2015,12-09-2015 20:00,110,101,1,0,0.3241,0.3981,0.2778,0,0
572,2,2015,12-09-2015 20:00,112,95,0,2,0.0481,0.1602,0.7917,0,1
573,2,2015,12-09-2015 22:45,98,109,1,1,0.885,0.0922,0.0228,0,1
574,2,2015,13-09-2015 14:30,94,113,2,2,0.556,0.289,0.155,0,0
575,2,2015,13-09-2015 17:00,100,103,2,2,0.4623,0.3294,0.2083,1,1
576,2,2015,13-09-2015 17:00,104,107,2,2,0.2963,0.3678,0.3359,2,2
577,2,2015,13-09-2015 17:00,108,105,2,2,0.4296,0.2942,0.2762,2,1
578,2,2015,13-09-2015 20:00,96,99,2,0,0.59,0.2866,0.1234,0,0
579,2,2015,13-09-2015 22:45,106,111,1,0,0.6467,0.2257,0.1276,0,0
580,2,2015,14-09-2015 22:45,102,97,2,0,0.6931,0.2496,0.0573,0,0
581,2,2015,19-09-2015 20:00,99,108,1,2,0.4405,0.3566,0.2029,1,0
582,2,2015,19-09-2015 22:45,111,100,3,2,0.322,0.2976,0.3804,2,1
583,2,2015,20-09-2015 14:30,109,106,0,1,0.1788,0.3194,0.5018,0,1
584,2,2015,20-09-2015 17:00,101,98,0,2,0.0218,0.0998,0.8784,0,1
585,2,2015,20-09-2015 17:00,95,104,2,2,0.5711,0.2505,0.1784,1,2
586,2,2015,20-09-2015 17:00,113,102,2,0,0.8415,0.1206,0.0379,2,0
587,2,2015,20-09-2015 17:00,107,94,1,1,0.3762,0.3523,0.2715,0,0
588,2,2015,20-09-2015 17:00,97,112,1,0,0.2778,0.2865,0.4357,1,0
589,2,2015,20-09-2015 20:00,103,110,0,1,0.6825,0.2436,0.0739,0,1
590,2,2015,20-09-2015 22:45,105,96,5,0,0.7843,0.1458,0.0699,2,0
591,2,2015,22-09-2015 22:45,99,111,2,3,0.4727,0.3362,0.1911,0,3
592,2,2015,23-09-2015 22:45,96,101,2,0,0.4782,0.389,0.1328,1,0
593,2,2015,23-09-2015 22:45,100,104,0,1,0.2008,0.409,0.3902,0,1
594,2,2015,23-09-2015 22:45,102,95,2,1,0.0385,0.2278,0.7337,0,0
595,2,2015,23-09-2015 22:45,103,105,0,0,0.1027,0.3113,0.586,0,0
596,2,2015,23-09-2015 22:45,109,113,1,0,0.3098,0.5936,0.0966,0,0
597,2,2015,23-09-2015 22:45,110,97,2,0,0.7568,0.1969,0.0463,0,0
598,2,2015,23-09-2015 22:45,106,94,1,0,0.5005,0.3982,0.1013,0,0
599,2,2015,23-09-2015 22:45,98,112,1,1,0.7367,0.1891,0.0742,0,0
600,2,2015,24-09-2015 22:45,108,107,0,1,0.3118,0.3968,0.2914,0,1
601,2,2015,26-09-2015 20:00,95,103,5,1,0.8339,0.1169,0.0492,3,1
602,2,2015,26-09-2015 22:45,105,98,2,1,0.3173,0.3892,0.2935,1,0
603,2,2015,27-09-2015 14:30,101,111,1,0,0.2313,0.3494,0.4193,1,0
604,2,2015,27-09-2015 17:00,94,96,1,2,0.0645,0.1981,0.7374,1,0
605,2,2015,27-09-2015 17:00,104,109,1,1,0.3846,0.3762,0.2392,1,1
606,2,2015,27-09-2015 17:00,113,100,2,1,0.3402,0.4651,0.1947,1,0
607,2,2015,27-09-2015 17:00,97,99,1,2,0.3174,0.2827,0.3999,1,0
608,2,2015,27-09-2015 22:45,106,110,1,4,0.0044,0.0541,0.9415,0,3
609,2,2015,28-09-2015 21:00,112,108,2,0,0.4829,0.3042,0.2129,0,0
610,2,2015,28-09-2015 23:00,107,102,2,1,0.6971,0.2019,0.101,1,0
611,2,2015,03-10-2015 20:00,103,113,2,1,0.2126,0.353,0.4344,0,0
612,2,2015,03-10-2015 22:45,109,94,1,1,0.5107,0.2784,0.2109,0,0
613,2,2015,04-10-2015 14:30,108,104,1,0,0.478,0.3961,0.1259,0,0
614,2,2015,04-10-2015 17:00,100,95,2,4,0.2111,0.2258,0.5631,0,3
615,2,2015,04-10-2015 17:00,102,106,1,1,0.4948,0.2471,0.2581,0,0
616,2,2015,04-10-2015 17:00,99,101,1,1,0.3349,0.3161,0.349,0,0
617,2,2015,04-10-2015 20:00,98,97,3,1,0.9822,0.0164,0.0014,1,1
618,2,2015,04-10-2015 20:00,96,112,2,0,0.9263,0.0567,0.017,0,0
619,2,2015,04-10-2015 22:45,111,105,0,4,0.0511,0.1705,0.7784,0,1
620,2,2015,04-10-2015 22:45,110,107,3,0,0.9417,0.0484,0.0099,2,0
621,2,2015,17-10-2015 20:00,95,108,3,1,0.6758,0.2233,0.1009,0,0
622,2,2015,17-10-2015 22:45,113,111,1,1,0.138,0.3898,0.4722,0,0
623,2,2015,18-10-2015 14:30,97,100,0,1,0.3775,0.274,0.3485,0,1
624,2,2015,18-10-2015 17:00,112,102,2,0,0.3144,0.2783,0.4073,0,0
625,2,2015,18-10-2015 17:00,101,109,3,2,0.1648,0.2338,0.6014,2,1
626,2,2015,18-10-2015 17:00,94,99,1,1,0.4272,0.3563,0.2165,1,0
627,2,2015,18-10-2015 17:00,104,96,2,1,0.6844,0.2171,0.0985,1,0
628,2,2015,18-10-2015 17:00,107,103,3,0,0.7112,0.1902,0.0986,2,0
629,2,2015,18-10-2015 17:00,105,110,2,1,0.7738,0.1619,0.0643,0,0
630,2,2015,18-10-2015 22:45,106,98,0,0,0.1273,0.3651,0.5076,0,0
631,2,2015,24-10-2015 17:00,108,101,2,0,0.6994,0.2194,0.0812,1,0
632,2,2015,24-10-2015 20:00,103,97,1,2,0.0765,0.2136,0.7099,1,0
633,2,2015,24-10-2015 22:45,100,106,1,1,0.103,0.2446,0.6524,0,0
634,2,2015,25-10-2015 15:30,102,94,4,1,0.8917,0.079,0.0293,3,0
635,2,2015,25-10-2015 18:00,99,112,1,0,0.8226,0.1365,0.0409,1,0
636,2,2015,25-10-2015 18:00,111,104,2,1,0.8962,0.0955,0.0083,1,0
637,2,2015,25-10-2015 18:00,98,107,2,0,0.9828,0.0161,0.0011,1,0
638,2,2015,25-10-2015 21:00,96,113,3,0,0.6583,0.2703,0.0714,1,0
639,2,2015,25-10-2015 21:00,110,95,1,2,0.4181,0.3115,0.2704,0,2
640,2,2015,25-10-2015 23:45,109,105,0,1,0.1818,0.2979,0.5203,0,0
641,2,2015,27-10-2015 23:45,97,106,0,1,0.1514,0.3167,0.5319,0,0
642,2,2015,28-10-2015 23:45,112,103,2,1,0.4678,0.335,0.1972,0,0
643,2,2015,28-10-2015 23:45,94,110,0,2,0.0039,0.0623,0.9338,0,1
644,2,2015,28-10-2015 23:45,111,109,1,0,0.7457,0.2171,0.0372,0,0
645,2,2015,28-10-2015 23:45,105,100,2,0,0.5805,0.3303,0.0892,1,0
646,2,2015,28-10-2015 23:45,95,99,3,1,0.7803,0.1645,0.0552,2,0
647,2,2015,28-10-2015 23:45,107,96,2,1,0.2918,0.5863,0.1219,0,1
648,2,2015,28-10-2015 23:45,104,98,1,0,0.1719,0.4893,0.3388,1,0
649,2,2015,28-10-2015 23:45,113,101,3,3,0.3226,0.2666,0.4108,2,1
650,2,2015,29-10-2015 23:45,102,108,1,1,0.2585,0.4088,0.3327,0,0
651,2,2015,31-10-2015 21:00,98,113,2,1,0.572,0.2755,0.1525,1,0
652,2,2015,31-10-2015 23:45,106,95,1,0,0.0531,0.1677,0.7792,1,0
653,2,2015,01-11-2015 15:30,110,112,4,1,0.9092,0.0785,0.0123,4,0
654,2,2015,01-11-2015 18:00,101,105,0,0,0.1203,0.2877,0.592,0,0
655,2,2015,01-11-2015 18:00,97,107,3,0,0.3816,0.3066,0.3118,0,0
656,2,2015,01-11-2015 18:00,103,94,0,0,0.5824,0.2805,0.1371,0,0
657,2,2015,01-11-2015 18:00,99,104,0,0,0.7005,0.2417,0.0578,0,0
658,2,2015,01-11-2015 23:45,96,111,1,3,0.0295,0.1294,0.8411,0,1
659,2,2015,02-11-2015 22:00,109,102,1,1,0.5189,0.2806,0.2005,1,1
660,2,2015,03-11-2015 00:00,100,108,0,1,0.4283,0.3058,0.2659,0,0
661,2,2015,07-11-2015 21:00,94,97,0,2,0.0507,0.2446,0.7047,0,2
662,2,2015,07-11-2015 23:45,111,107,0,0,0.0842,0.2571,0.6587,0,0
663,2,2015,08-11-2015 15:30,113,106,0,1,0.4716,0.3557,0.1727,0,1
664,2,2015,08-11-2015 18:00,104,103,1,0,0.7272,0.2251,0.0477,1,0
665,2,2015,08-11-2015 18:00,100,109,1,0,0.2488,0.3141,0.4371,0,0
666,2,2015,08-11-2015 18:00,95,96,2,0,0.5527,0.276,0.1713,1,0
667,2,2015,08-11-2015 18:00,108,98,1,3,0.0336,0.111,0.8554,1,2
668,2,2015,08-11-2015 18:00,112,101,2,2,0.2001,0.2937,0.5062,2,1
669,2,2015,08-11-2015 21:00,105,99,1,0,0.6192,0.2988,0.082,0,0
670,2,2015,08-11-2015 23:45,102,110,0,2,0.0101,0.0607,0.9292,0,1
671,2,2015,21-11-2015 21:00,97,95,2,2,0.1568,0.2473,0.5959,1,0
672,2,2015,21-11-2015 23:45,98,111,1,0,0.4554,0.3478,0.1968,0,0
673,2,2015,22-11-2015 15:30,94,105,0,2,0.0086,0.0633,0.9281,0,0
674,2,2015,22-11-2015 18:00,96,100,1,1,0.6257,0.2546,0.1197,0,1
675,2,2015,22-11-2015 18:00,99,102,1,0,0.3977,0.422,0.1803,1,0
676,2,2015,22-11-2015 18:00,103,109,1,2,0.4431,0.3562,0.2007,0,2
677,2,2015,22-11-2015 18:00,110,108,2,2,0.6531,0.234,0.1129,0,2
678,2,2015,22-11-2015 18:00,101,104,2,1,0.2728,0.3331,0.3941,0,0
679,2,2015,22-11-2015 18:00,107,113,0,1,0.1914,0.2623,0.5463,0,0
680,2,2015,22-11-2015 23:45,106,112,4,0,0.9463,0.0426,0.0111,1,0
681,2,2015,28-11-2015 21:00,113,97,2,0,0.7739,0.2086,0.0175,0,0
682,2,2015,28-11-2015 23:45,111,102,4,1,0.9266,0.0599,0.0135,2,0
683,2,2015,29-11-2015 18:00,95,107,0,2,0.1868,0.291,0.5222,0,1
684,2,2015,29-11-2015 18:00,112,94,3,2,0.8001,0.1409,0.059,2,0
685,2,2015,29-11-2015 18:00,101,103,1,2,0.0755,0.1792,0.7453,1,0
686,2,2015,29-11-2015 18:00,109,99,2,3,0.3845,0.2837,0.3318,1,1
687,2,2015,29-11-2015 21:00,108,96,1,0,0.1056,0.3743,0.5201,1,0
688,2,2015,29-11-2015 23:45,100,98,0,3,0.0892,0.2213,0.6895,0,0
689,2,2015,30-11-2015 22:00,104,110,1,1,0.1813,0.2615,0.5572,1,1
690,2,2015,01-12-2015 00:00,105,106,2,1,0.3464,0.4215,0.2321,1,0
691,2,2015,04-12-2015 23:45,96,98,0,2,0.2432,0.5453,0.2115,0,2
692,2,2015,05-12-2015 18:00,113,95,1,1,0.8498,0.1307,0.0195,0,0
693,2,2015,05-12-2015 23:45,106,101,1,0,0.6342,0.333,0.0328,0,0
694,2,2015,06-12-2015 15:30,97,105,3,2,0.4107,0.2586,0.3307,2,0
695,2,2015,06-12-2015 18:00,107,100,3,0,0.5623,0.2518,0.1859,2,0
696,2,2015,06-12-2015 18:00,110,99,3,0,0.6767,0.2158,0.1075,1,0
697,2,2015,06-12-2015 18:00,112,109,0,2,0.313,0.3152,0.3718,0,0
698,2,2015,06-12-2015 18:00,94,108,0,1,0.5783,0.2791,0.1426,0,0
699,2,2015,06-12-2015 21:00,102,104,1,3,0.0394,0.1088,0.8518,0,3
700,2,2015,06-12-2015 23:45,103,111,0,0,0.1675,0.3842,0.4483,0,0
701,2,2015,12-12-2015 18:00,101,97,0,1,0.7367,0.175,0.0883,0,0
702,2,2015,12-12-2015 21:00,100,112,4,1,0.699,0.1896,0.1114,2,1
703,2,2015,12-12-2015 23:45,99,106,0,4,0.3173,0.2528,0.4299,0,2
704,2,2015,13-12-2015 18:00,111,94,1,1,0.4503,0.3109,0.2388,0,0
705,2,2015,13-12-2015 18:00,109,107,1,0,0.8589,0.129,0.0121,0,0
706,2,2015,13-12-2015 18:00,108,103,3,0,0.4522,0.2815,0.2663,0,0
707,2,2015,13-12-2015 21:00,105,95,0,0,0.7346,0.2179,0.0475,0,0
708,2,2015,13-12-2015 23:45,98,110,3,1,0.5867,0.2945,0.1188,1,1
709,2,2015,14-12-2015 23:45,96,102,1,1,0.4259,0.3988,0.1753,0,0
710,2,2015,19-12-2015 23:45,97,108,2,3,0.2062,0.239,0.5548,2,2
711,2,2015,20-12-2015 15:30,103,98,2,3,0.166,0.2712,0.5628,1,2
712,2,2015,20-12-2015 18:00,110,109,2,0,0.6162,0.3163,0.0675,2,0
713,2,2015,20-12-2015 18:00,107,105,1,3,0.0123,0.0409,0.9468,0,0
714,2,2015,20-12-2015 18:00,94,104,1,1,0.2544,0.3015,0.4441,1,1
715,2,2015,20-12-2015 18:00,95,101,2,0,0.7292,0.1843,0.0865,1,0
716,2,2015,20-12-2015 21:00,102,100,2,0,0.6168,0.2451,0.1381,0,0
717,2,2015,20-12-2015 21:00,113,99,0,1,0.0942,0.231,0.6748,0,1
718,2,2015,20-12-2015 21:00,112,111,2,4,0.0134,0.0478,0.9388,1,0
719,2,2015,20-12-2015 23:45,106,96,1,2,0.0703,0.2523,0.6774,0,1
720,2,2015,05-01-2016 23:45,101,102,2,3,0.5973,0.2523,0.1504,0,2
721,2,2015,06-01-2016 15:30,99,107,2,1,0.5927,0.2512,0.1561,2,0
722,2,2015,06-01-2016 18:00,109,95,3,3,0.1873,0.2475,0.5652,1,2
723,2,2015,06-01-2016 18:00,100,110,1,3,0.2199,0.3048,0.4753,0,2
724,2,2015,06-01-2016 18:00,104,112,2,2,0.9053,0.083,0.0117,1,2
725,2,2015,06-01-2016 18:00,98,94,3,0,0.7334,0.2144,0.0522,2,0
726,2,2015,06-01-2016 18:00,96,103,0,0,0.311,0.5715,0.1175,0,0
727,2,2015,06-01-2016 18:00,111,97,0,1,0.504,0.2561,0.2399,0,0
728,2,2015,06-01-2016 21:00,108,106,0,1,0.1327,0.3115,0.5558,0,1
729,2,2015,06-01-2016 23:45,105,113,2,1,0.4141,0.3247,0.2612,2,1
730,2,2015,09-01-2016 18:00,103,99,2,1,0.7187,0.2222,0.0591,1,0
731,2,2015,09-01-2016 21:00,110,96,1,3,0.1462,0.2366,0.6172,0,1
732,2,2015,09-01-2016 23:45,95,111,1,1,0.3078,0.3023,0.3899,1,0
733,2,2015,10-01-2016 15:30,106,104,0,1,0.3637,0.2473,0.389,0,0
734,2,2015,10-01-2016 18:00,107,101,0,2,0.134,0.3023,0.5637,0,0
735,2,2015,10-01-2016 18:00,97,109,0,1,0.6719,0.2578,0.0703,0,0
736,2,2015,10-01-2016 18:00,113,108,0,1,0.551,0.2385,0.2105,0,0
737,2,2015,10-01-2016 18:00,112,105,1,5,0.0092,0.0502,0.9406,0,2
738,2,2015,10-01-2016 18:00,94,100,0,1,0.8042,0.128,0.0678,0,1
739,2,2015,10-01-2016 23:45,102,98,1,2,0.2015,0.3029,0.4956,0,1
740,2,2015,16-01-2016 18:00,107,106,1,1,0.6437,0.2311,0.1252,1,1
741,2,2015,16-01-2016 21:00,113,112,4,2,0.8608,0.1024,0.0368,3,1
742,2,2015,16-01-2016 23:45,105,104,3,1,0.5768,0.2772,0.146,2,1
743,2,2015,17-01-2016 15:30,101,100,4,0,0.913,0.0685,0.0185,1,0
744,2,2015,17-01-2016 18:00,97,96,2,2,0.4044,0.3178,0.2778,2,0
745,2,2015,17-01-2016 18:00,99,98,0,4,0.0099,0.053,0.9371,0,4
746,2,2015,17-01-2016 18:00,95,94,1,1,0.6949,0.1906,0.1145,1,0
747,2,2015,17-01-2016 18:00,109,108,1,1,0.3883,0.333,0.2787,1,0
748,2,2015,17-01-2016 18:00,103,102,2,1,0.1383,0.2269,0.6348,1,1
749,2,2015,17-01-2016 23:45,111,110,2,0,0.437,0.3212,0.2418,1,0
750,2,2015,20-01-2016 23:45,104,113,1,1,0.5348,0.2817,0.1835,1,1
751,2,2015,23-01-2016 21:00,112,107,0,0,0.2825,0.33,0.3875,0,0
752,2,2015,23-01-2016 23:45,108,111,2,2,0.3861,0.3054,0.3085,1,1
753,2,2015,24-01-2016 15:30,110,113,2,0,0.2274,0.3121,0.4605,1,0
754,2,2015,24-01-2016 18:00,102,105,2,4,0.0133,0.0534,0.9333,1,2
755,2,2015,24-01-2016 18:00,106,103,1,1,0.7802,0.1506,0.0692,1,0
756,2,2015,24-01-2016 18:00,104,97,0,2,0.0958,0.2058,0.6984,0,0
757,2,2015,24-01-2016 18:00,94,101,1,1,0.681,0.2255,0.0935,1,1
758,2,2015,24-01-2016 18:00,96,109,4,1,0.6681,0.2094,0.1225,0,1
759,2,2015,24-01-2016 18:00,100,99,4,1,0.3988,0.2503,0.3509,1,0
760,2,2015,24-01-2016 23:45,98,95,1,0,0.4445,0.463,0.0925,0,0
761,2,2015,30-01-2016 18:00,103,100,1,1,0.3914,0.3527,0.2559,0,1
762,2,2015,30-01-2016 21:00,107,104,1,1,0.3592,0.4626,0.1782,1,1
763,2,2015,30-01-2016 23:45,95,112,3,1,0.5397,0.3096,0.1507,1,1
764,2,2015,31-01-2016 15:30,109,98,0,4,0.0007,0.0075,0.9918,0,2
765,2,2015,31-01-2016 18:00,99,96,0,0,0.1664,0.3786,0.455,0,0
766,2,2015,31-01-2016 18:00,113,94,0,0,0.701,0.2198,0.0792,0,0
767,2,2015,31-01-2016 18:00,105,108,5,1,0.9242,0.0635,0.0123,2,1
768,2,2015,31-01-2016 18:00,101,110,0,0,0.4579,0.3506,0.1915,0,0
769,2,2015,31-01-2016 18:00,97,102,3,2,0.3465,0.3497,0.3038,2,0
770,2,2015,31-01-2016 23:45,111,106,3,0,0.5217,0.2546,0.2237,1,0
771,2,2015,02-02-2016 23:45,104,95,0,2,0.1116,0.1904,0.698,0,1
772,2,2015,03-02-2016 21:30,112,97,1,0,0.5777,0.2528,0.1695,0,0
773,2,2015,03-02-2016 23:45,110,103,2,1,0.204,0.3474,0.4486,1,0
774,2,2015,03-02-2016 23:45,106,109,1,0,0.8772,0.0992,0.0236,0,0
775,2,2015,03-02-2016 23:45,98,101,1,0,0.485,0.4342,0.0808,1,0
776,2,2015,03-02-2016 23:45,100,111,0,2,0.0502,0.1402,0.8096,0,2
777,2,2015,03-02-2016 23:45,96,105,0,2,0.1002,0.2423,0.6575,0,2
778,2,2015,03-02-2016 23:45,102,113,2,2,0.0952,0.2213,0.6835,0,0
779,2,2015,03-02-2016 23:45,108,99,1,1,0.7694,0.1805,0.0501,0,1
780,2,2015,03-02-2016 23:45,94,107,2,1,0.4224,0.2672,0.3104,1,1
781,2,2015,06-02-2016 21:00,97,110,1,1,0.5078,0.3336,0.1586,0,0
782,2,2015,06-02-2016 23:45,101,96,0,0,0.1812,0.4982,0.3206,0,0
783,2,2015,07-02-2016 15:30,94,106,3,3,0.1459,0.2013,0.6528,2,1
784,2,2015,07-02-2016 18:00,112,98,0,2,0.0475,0.2135,0.739,0,0
785,2,2015,07-02-2016 18:00,104,100,2,2,0.769,0.1666,0.0644,1,1
786,2,2015,07-02-2016 18:00,105,103,1,0,0.9368,0.0597,0.0035,0,0
787,2,2015,07-02-2016 18:00,113,109,1,2,0.2744,0.3839,0.3417,1,1
788,2,2015,07-02-2016 18:00,111,99,1,1,0.4861,0.2835,0.2304,0,1
789,2,2015,07-02-2016 21:00,107,108,0,0,0.4471,0.3641,0.1888,0,0
790,2,2015,07-02-2016 23:45,95,102,2,1,0.4489,0.2767,0.2744,1,0
791,2,2015,11-02-2016 23:45,96,94,5,2,0.9957,0.0042,0.0001,1,0
792,2,2015,12-02-2016 23:45,103,95,1,3,0.0621,0.19,0.7479,0,0
793,2,2015,13-02-2016 18:00,108,112,1,2,0.7434,0.1753,0.0813,0,1
794,2,2015,13-02-2016 21:00,109,104,1,1,0.4699,0.3224,0.2077,1,1
795,2,2015,13-02-2016 23:45,98,105,1,0,0.3676,0.5147,0.1177,0,0
796,2,2015,14-02-2016 15:30,111,101,2,1,0.1554,0.3521,0.4925,1,0
797,2,2015,14-02-2016 18:00,100,113,1,3,0.051,0.115,0.834,1,2
798,2,2015,14-02-2016 18:00,102,107,0,0,0.5721,0.3509,0.077,0,0
799,2,2015,14-02-2016 18:00,99,97,0,1,0.5589,0.2606,0.1805,0,0
800,2,2015,14-02-2016 23:45,110,106,2,1,0.7198,0.2197,0.0605,0,1
801,2,2015,19-02-2016 23:45,97,98,0,0,0.0974,0.3851,0.5175,0,0
802,2,2015,20-02-2016 21:00,94,109,3,1,0.6729,0.217,0.1101,1,0
803,2,2015,20-02-2016 23:45,106,102,3,1,0.6774,0.209,0.1136,1,0
804,2,2015,21-02-2016 18:00,101,99,2,1,0.6979,0.1853,0.1168,0,1
805,2,2015,21-02-2016 18:00,104,108,3,2,0.1942,0.2884,0.5174,1,1
806,2,2015,21-02-2016 18:00,107,110,2,3,0.3962,0.2696,0.3342,0,0
807,2,2015,21-02-2016 18:00,113,103,0,0,0.7029,0.2434,0.0537,0,0
808,2,2015,21-02-2016 21:00,112,96,0,0,0.2658,0.3931,0.3411,0,0
809,2,2015,21-02-2016 23:45,95,100,5,0,0.9106,0.0777,0.0117,1,0
810,2,2015,23-02-2016 00:00,105,111,1,1,0.5811,0.2798,0.1391,1,1
811,2,2015,27-02-2016 21:00,108,95,1,3,0.0947,0.3109,0.5944,1,2
812,2,2015,27-02-2016 23:45,111,113,1,0,0.5494,0.2807,0.1699,1,0
813,2,2015,28-02-2016 15:30,100,97,0,0,0.2216,0.333,0.4454,0,0
814,2,2015,28-02-2016 18:00,102,112,2,0,0.5885,0.2809,0.1306,1,0
815,2,2015,28-02-2016 18:00,109,101,1,0,0.7296,0.1969,0.0735,0,0
816,2,2015,28-02-2016 18:00,99,94,2,0,0.8032,0.1449,0.0519,1,0
817,2,2015,28-02-2016 18:00,103,107,1,1,0.497,0.3095,0.1935,0,0
818,2,2015,28-02-2016 23:45,98,106,2,0,0.8509,0.122,0.0271,0,0
819,2,2015,29-02-2016 22:00,96,104,0,2,0.2812,0.275,0.4438,0,1
820,2,2015,01-03-2016 00:00,110,105,1,1,0.2794,0.3501,0.3705,1,1
821,2,2015,04-03-2016 23:45,95,110,4,1,0.7559,0.1736,0.0705,3,1
822,2,2015,05-03-2016 21:00,94,102,0,3,0.0802,0.1497,0.7701,0,3
823,2,2015,05-03-2016 23:45,105,109,3,1,0.9579,0.0362,0.0059,2,1
824,2,2015,06-03-2016 15:30,113,96,1,1,0.7009,0.1936,0.1055,1,0
825,2,2015,06-03-2016 18:00,104,111,2,0,0.4776,0.2921,0.2303,1,0
826,2,2015,06-03-2016 18:00,107,98,0,2,0.1531,0.3141,0.5328,0,1
827,2,2015,06-03-2016 18:00,101,108,1,0,0.3458,0.3338,0.3204,0,0
828,2,2015,06-03-2016 18:00,97,103,0,0,0.6244,0.2914,0.0842,0,0
829,2,2015,06-03-2016 18:00,112,99,2,0,0.624,0.327,0.049,1,0
830,2,2015,06-03-2016 23:45,106,100,3,1,0.4105,0.3423,0.2472,2,1
831,2,2015,11-03-2016 23:45,98,104,1,0,0.7126,0.2227,0.0647,1,0
832,2,2015,12-03-2016 21:00,108,102,1,1,0.6728,0.2121,0.1151,0,1
833,2,2015,12-03-2016 23:45,106,97,2,1,0.8061,0.1616,0.0323,0,0
834,2,2015,13-03-2016 15:30,109,111,0,0,0.3913,0.3412,0.2675,0,0
835,2,2015,13-03-2016 18:00,99,95,1,2,0.0383,0.1272,0.8345,0,1
836,2,2015,13-03-2016 18:00,103,112,2,1,0.5118,0.274,0.2142,1,0
837,2,2015,13-03-2016 18:00,110,94,1,1,0.2661,0.3711,0.3628,1,0
838,2,2015,13-03-2016 18:00,101,113,3,2,0.7043,0.181,0.1147,2,2
839,2,2015,13-03-2016 23:45,96,107,2,0,0.5697,0.2734,0.1569,0,0
840,2,2015,13-03-2016 23:45,100,105,0,1,0.0201,0.1184,0.8615,0,1
841,2,2015,19-03-2016 21:00,108,100,0,0,0.238,0.4128,0.3492,0,0
842,2,2015,19-03-2016 23:45,95,106,1,1,0.6013,0.3083,0.0904,0,0
843,2,2015,20-03-2016 15:30,107,97,2,0,0.9887,0.0102,0.0011,2,0
844,2,2015,20-03-2016 18:00,94,103,1,2,0.1693,0.3151,0.5156,0,1
845,2,2015,20-03-2016 18:00,102,109,0,1,0.1,0.1584,0.7416,0,1
846,2,2015,20-03-2016 18:00,112,110,0,0,0.1447,0.2161,0.6392,0,0
847,2,2015,20-03-2016 18:00,113,98,1,4,0.3137,0.2925,0.3938,0,2
848,2,2015,20-03-2016 18:00,104,99,1,1,0.1169,0.2067,0.6764,0,1
849,2,2015,20-03-2016 21:00,105,101,3,1,0.8521,0.1089,0.039,0,1
850,2,2015,20-03-2016 23:45,111,96,1,1,0.5979,0.2713,0.1308,1,1
851,2,2015,02-04-2016 20:00,103,104,1,3,0.2625,0.2806,0.4569,1,2
852,2,2015,02-04-2016 22:45,98,108,1,0,0.7915,0.1562,0.0523,1,0
853,2,2015,03-04-2016 14:30,99,105,3,1,0.9378,0.0496,0.0126,2,1
854,2,2015,03-04-2016 17:00,109,100,3,1,0.2189,0.293,0.4881,1,1
855,2,2015,03-04-2016 17:00,96,95,1,4,0.7182,0.1715,0.1103,0,1
856,2,2015,03-04-2016 17:00,110,102,1,1,0.5854,0.3304,0.0842,1,1
857,2,2015,03-04-2016 17:00,101,112,4,0,0.8091,0.1479,0.043,1,0
858,2,2015,03-04-2016 17:00,107,111,2,1,0.2954,0.2905,0.4141,1,1
859,2,2015,03-04-2016 22:45,106,113,1,2,0.1322,0.2238,0.644,1,0
860,2,2015,04-04-2016 22:45,97,94,0,1,0.3888,0.3752,0.236,0,1
861,2,2015,09-04-2016 17:00,112,106,0,1,0.1804,0.2673,0.5523,0,0
862,2,2015,09-04-2016 20:00,104,101,0,1,0.3205,0.3706,0.3089,0,1
863,2,2015,09-04-2016 20:00,109,103,1,0,0.493,0.302,0.205,0,0
864,2,2015,09-04-2016 22:45,111,98,1,2,0.5832,0.2737,0.1431,1,1
865,2,2015,10-04-2016 14:30,108,110,2,0,0.2555,0.3382,0.4063,1,0
866,2,2015,10-04-2016 17:00,105,94,3,0,0.9753,0.0208,0.0039,2,0
867,2,2015,10-04-2016 17:00,113,107,2,1,0.3024,0.341,0.3566,1,0
868,2,2015,10-04-2016 17:00,102,99,2,0,0.5008,0.2553,0.2439,0,0
869,2,2015,10-04-2016 22:45,100,96,0,3,0.0106,0.0446,0.9448,0,2
870,2,2015,11-04-2016 22:45,95,97,1,1,0.5015,0.3295,0.169,0,1
871,2,2015,16-04-2016 17:00,97,113,0,1,0.1208,0.3198,0.5594,0,0
872,2,2015,16-04-2016 20:00,103,101,4,1,0.7662,0.1378,0.096,2,1
873,2,2015,16-04-2016 22:45,106,105,2,0,0.804,0.1566,0.0394,2,0
874,2,2015,17-04-2016 14:30,107,95,3,3,0.486,0.2321,0.2819,2,2
875,2,2015,17-04-2016 17:00,110,104,3,1,0.4551,0.2884,0.2565,1,0
876,2,2015,17-04-2016 17:00,98,100,4,0,0.6753,0.219,0.1057,1,0
877,2,2015,17-04-2016 17:00,99,109,0,0,0.5712,0.3534,0.0754,0,0
878,2,2015,17-04-2016 17:00,94,112,1,2,0.63,0.2272,0.1428,0,1
879,2,2015,17-04-2016 20:00,96,108,2,0,0.9051,0.08,0.0149,2,0
880,2,2015,17-04-2016 22:45,102,111,0,1,0.0632,0.2214,0.7154,0,0
881,2,2015,19-04-2016 22:45,105,97,6,0,0.9473,0.0469,0.0058,2,0
882,2,2015,20-04-2016 20:30,104,102,0,0,0.9792,0.0194,0.0014,0,0
883,2,2015,20-04-2016 22:45,95,113,3,2,0.5318,0.2609,0.2073,0,1
884,2,2015,20-04-2016 22:45,100,107,2,2,0.4731,0.2455,0.2814,1,1
885,2,2015,20-04-2016 22:45,99,110,2,1,0.4766,0.3347,0.1887,1,1
886,2,2015,20-04-2016 22:45,109,112,5,1,0.9089,0.077,0.0141,1,1
887,2,2015,20-04-2016 22:45,108,94,1,0,0.4582,0.2307,0.3111,0,0
888,2,2015,20-04-2016 22:45,101,106,1,0,0.3099,0.3139,0.3762,0,0
889,2,2015,20-04-2016 22:45,98,96,3,0,0.9864,0.0122,0.0014,1,0
890,2,2015,21-04-2016 22:45,111,103,0,0,0.5665,0.3485,0.085,0,0
891,2,2015,23-04-2016 22:45,106,99,3,1,0.8094,0.1356,0.055,1,1
892,2,2015,24-04-2016 14:30,112,100,0,2,0.4917,0.3034,0.2049,0,0
893,2,2015,24-04-2016 17:00,113,104,1,3,0.1975,0.2659,0.5366,1,1
894,2,2015,24-04-2016 17:00,102,96,2,1,0.077,0.1397,0.7833,1,1
895,2,2015,24-04-2016 17:00,97,101,2,0,0.4623,0.3674,0.1703,1,0
896,2,2015,24-04-2016 17:00,107,109,1,0,0.5417,0.3478,0.1105,0,0
897,2,2015,24-04-2016 22:45,110,98,1,2,0.6243,0.2357,0.14,0,1
898,2,2015,25-04-2016 17:00,95,105,1,0,0.1448,0.4585,0.3967,0,0
899,2,2015,25-04-2016 19:00,94,111,2,1,0.6627,0.1925,0.1448,0,1
900,2,2015,25-04-2016 21:00,103,108,1,0,0.6509,0.2332,0.1159,0,0
901,2,2015,30-04-2016 20:00,99,113,1,5,0.4628,0.2735,0.2637,0,2
902,2,2015,30-04-2016 22:45,109,110,0,0,0.4171,0.3157,0.2672,0,0
903,2,2015,01-05-2016 14:30,98,103,2,0,0.4642,0.3482,0.1876,1,0
904,2,2015,01-05-2016 17:00,100,102,2,0,0.6209,0.2743,0.1048,1,0
905,2,2015,01-05-2016 17:00,108,97,0,0,0.2926,0.4272,0.2802,0,0
906,2,2015,01-05-2016 17:00,111,112,3,3,0.9571,0.0356,0.0073,0,2
907,2,2015,01-05-2016 17:00,104,94,1,0,0.2964,0.4641,0.2395,0,0
908,2,2015,01-05-2016 22:45,96,106,2,0,0.6283,0.2404,0.1313,1,0
909,2,2015,02-05-2016 21:00,101,95,2,3,0.121,0.1827,0.6963,1,1
910,2,2015,02-05-2016 23:00,105,107,2,1,0.9214,0.0701,0.0085,1,0
911,2,2015,07-05-2016 20:00,106,108,2,1,0.6102,0.2376,0.1522,2,1
912,2,2015,07-05-2016 22:45,97,111,0,1,0.284,0.3315,0.3845,0,1
913,2,2015,08-05-2016 14:30,95,109,3,0,0.7351,0.1817,0.0832,2,0
914,2,2015,08-05-2016 17:00,102,101,0,3,0.0725,0.1698,0.7577,0,2
915,2,2015,08-05-2016 17:00,110,100,0,0,0.8729,0.1142,0.0129,0,0
916,2,2015,08-05-2016 17:00,112,104,0,1,0.2992,0.2897,0.4111,0,0
917,2,2015,08-05-2016 17:00,107,99,1,1,0.692,0.2576,0.0504,1,1
918,2,2015,08-05-2016 17:00,103,96,1,3,0.719,0.169,0.112,0,2
919,2,2015,08-05-2016 22:45,113,105,1,2,0.067,0.2025,0.7305,0,2
920,2,2015,08-05-2016 22:45,94,98,2,1,0.4506,0.3116,0.2378,1,0
921,2,2015,14-05-2016 19:00,98,102,5,0,0.9635,0.0313,0.0052,3,0
922,2,2015,14-05-2016 22:45,104,106,3,1,0.4008,0.3017,0.2975,3,1
923,2,2015,14-05-2016 22:45,111,95,1,3,0.1622,0.2441,0.5937,0,1
924,2,2015,14-05-2016 22:45,105,112,4,0,0.9426,0.0441,0.0133,1,0
925,2,2015,15-05-2016 20:00,108,113,2,1,0.2002,0.3283,0.4715,1,0
926,2,2015,15-05-2016 20:00,101,107,1,2,0.688,0.181,0.131,0,0
927,2,2015,15-05-2016 20:00,109,97,0,0,0.2099,0.5392,0.2509,0,0
928,2,2015,15-05-2016 22:45,99,103,1,2,0.2093,0.3006,0.4901,0,2
929,2,2015,15-05-2016 22:45,96,110,2,4,0.2175,0.2688,0.5137,1,3
930,2,2015,15-05-2016 22:45,100,94,3,2,0.1658,0.3167,0.5175,1,0
931,2,2016,20-08-2016 20:00,95,99,4,0,0.9973,0.0025,0.0002,0,0
932,2,2016,20-08-2016 22:45,98,110,2,1,0.754,0.2033,0.0427,1,0
933,2,2016,21-08-2016 20:00,111,113,3,2,0.6062,0.2051,0.1887,1,0
934,2,2016,21-08-2016 22:45,100,104,0,1,0.05,0.1812,0.7688,0,1
935,2,2016,21-08-2016 22:45,114,105,2,2,0.261,0.2988,0.4402,2,0
936,2,2016,21-08-2016 22:45,107,96,3,4,0.2829,0.2712,0.4459,0,3
937,2,2016,21-08-2016 22:45,97,115,1,0,0.7436,0.1942,0.0622,0,0
938,2,2016,21-08-2016 22:45,109,106,2,0,0.2581,0.3366,0.4053,0,0
939,2,2016,21-08-2016 22:45,108,102,0,1,0.3074,0.3325,0.3601,0,1
940,2,2016,21-08-2016 22:45,101,116,3,1,0.5158,0.2761,0.2081,0,0
941,2,2016,27-08-2016 20:00,96,98,0,1,0.0878,0.4965,0.4157,0,0
942,2,2016,27-08-2016 22:45,105,111,4,2,0.8796,0.0929,0.0275,2,0
943,2,2016,28-08-2016 20:00,106,100,1,1,0.7401,0.1886,0.0713,0,0
944,2,2016,28-08-2016 22:45,102,107,2,1,0.6014,0.3189,0.0797,2,1
945,2,2016,28-08-2016 22:45,104,114,2,1,0.0793,0.2373,0.6834,1,0
946,2,2016,28-08-2016 22:45,113,97,5,1,0.9775,0.0184,0.0041,2,1
947,2,2016,28-08-2016 22:45,99,108,2,0,0.2623,0.3153,0.4224,1,0
948,2,2016,28-08-2016 22:45,116,95,2,2,0.1564,0.1909,0.6527,0,1
949,2,2016,28-08-2016 22:45,115,101,1,3,0.0806,0.1828,0.7366,1,0
950,2,2016,28-08-2016 22:45,110,109,1,0,0.2908,0.3594,0.3498,1,0
951,2,2016,10-09-2016 20:00,98,104,3,1,0.8991,0.0737,0.0272,3,1
952,2,2016,10-09-2016 22:45,100,105,0,3,0.0758,0.1983,0.7259,0,0
953,2,2016,11-09-2016 14:30,97,116,2,1,0.6061,0.2472,0.1467,1,0
954,2,2016,11-09-2016 17:00,109,96,1,1,0.7243,0.1838,0.0919,0,0
955,2,2016,11-09-2016 17:00,111,99,0,1,0.4859,0.3471,0.167,0,0
956,2,2016,11-09-2016 17:00,95,102,3,2,0.8604,0.0967,0.0429,1,2
957,2,2016,11-09-2016 17:00,107,113,2,1,0.8274,0.1199,0.0527,0,0
958,2,2016,11-09-2016 22:45,114,106,1,2,0.3417,0.248,0.4103,0,0
959,2,2016,12-09-2016 22:45,108,115,2,1,0.3243,0.4175,0.2582,1,1
960,2,2016,16-09-2016 22:45,102,111,0,1,0.2333,0.3774,0.3893,0,0
961,2,2016,17-09-2016 20:00,96,114,3,0,0.8015,0.1346,0.0639,0,0
962,2,2016,17-09-2016 22:45,105,97,3,1,0.6968,0.2324,0.0708,1,0
963,2,2016,18-09-2016 14:30,99,109,1,2,0.0492,0.1365,0.8143,1,0
964,2,2016,18-09-2016 17:00,104,101,2,0,0.6381,0.237,0.1249,0,0
965,2,2016,18-09-2016 17:00,113,108,0,0,0.4829,0.4378,0.0793,0,0
966,2,2016,18-09-2016 17:00,116,107,3,0,0.3063,0.3419,0.3518,1,0
967,2,2016,18-09-2016 17:00,115,100,1,1,0.5118,0.3088,0.1794,1,0
968,2,2016,18-09-2016 20:00,106,98,2,1,0.1907,0.2998,0.5095,0,0
969,2,2016,18-09-2016 22:45,110,95,1,0,0.2489,0.3385,0.4126,0,0
970,2,2016,20-09-2016 22:45,111,96,2,0,0.8418,0.1152,0.043,1,0
971,2,2016,21-09-2016 20:30,97,102,2,0,0.3674,0.343,0.2896,1,0
972,2,2016,21-09-2016 22:45,109,104,2,1,0.1161,0.5575,0.3264,2,1
973,2,2016,21-09-2016 22:45,108,106,0,2,0.0537,0.1695,0.7768,0,2
974,2,2016,21-09-2016 22:45,101,105,0,0,0.306,0.342,0.352,0,0
975,2,2016,21-09-2016 22:45,98,116,4,0,0.9773,0.0214,0.0013,3,0
976,2,2016,21-09-2016 22:45,114,113,0,0,0.4285,0.3536,0.2179,0,0
977,2,2016,21-09-2016 22:45,95,115,4,0,0.6222,0.2285,0.1493,2,0
978,2,2016,21-09-2016 22:45,99,110,2,2,0.5814,0.2653,0.1533,2,1
979,2,2016,21-09-2016 22:45,107,100,0,1,0.5086,0.2913,0.2001,0,0
980,2,2016,24-09-2016 20:00,100,98,0,1,0.0272,0.2612,0.7116,0,0
981,2,2016,24-09-2016 22:45,105,109,2,0,0.3457,0.452,0.2023,2,0
982,2,2016,25-09-2016 14:30,113,95,3,1,0.2922,0.2204,0.4874,1,0
983,2,2016,25-09-2016 17:00,104,99,1,0,0.6478,0.2418,0.1104,1,0
984,2,2016,25-09-2016 17:00,101,114,1,1,0.1384,0.3101,0.5515,0,0
985,2,2016,25-09-2016 17:00,106,97,1,1,0.5846,0.283,0.1324,1,1
986,2,2016,25-09-2016 17:00,96,108,2,0,0.6018,0.2399,0.1583,1,0
987,2,2016,25-09-2016 22:45,110,111,0,0,0.6151,0.2524,0.1325,0,0
988,2,2016,26-09-2016 21:00,115,107,1,3,0.0541,0.1533,0.7926,0,3
989,2,2016,26-09-2016 23:00,116,102,2,1,0.4192,0.2893,0.2915,1,0
990,2,2016,01-10-2016 20:00,114,109,0,2,0.0775,0.1928,0.7297,0,0
991,2,2016,01-10-2016 22:45,99,96,0,3,0.2904,0.2951,0.4145,0,1
992,2,2016,02-10-2016 14:30,108,98,0,3,0.0015,0.0101,0.9884,0,0
993,2,2016,02-10-2016 17:00,102,100,1,1,0.6136,0.2727,0.1137,0,0
994,2,2016,02-10-2016 17:00,107,105,1,0,0.6715,0.2265,0.102,1,0
995,2,2016,02-10-2016 17:00,97,101,0,1,0.0343,0.2382,0.7275,0,0
996,2,2016,02-10-2016 17:00,116,115,2,1,0.1664,0.2891,0.5445,1,0
997,2,2016,02-10-2016 20:00,113,110,2,1,0.2177,0.2761,0.5062,1,0
998,2,2016,02-10-2016 20:00,111,104,4,3,0.4175,0.3153,0.2672,1,1
999,2,2016,02-10-2016 22:45,95,106,2,1,0.6738,0.1871,0.1391,1,0
1000,2,2016,15-10-2016 17:00,105,95,1,3,0.3336,0.2516,0.4148,0,1
1001,2,2016,15-10-2016 20:00,114,102,1,1,0.3932,0.266,0.3408,1,1
1002,2,2016,15-10-2016 22:45,98,99,2,1,0.9308,0.0585,0.0107,1,1
1003,2,2016,16-10-2016 14:30,110,107,0,0,0.4633,0.3067,0.23,0,0
1004,2,2016,16-10-2016 17:00,101,108,0,0,0.2317,0.7027,0.0656,0,0
1005,2,2016,16-10-2016 17:00,106,116,1,2,0.6907,0.1912,0.1181,0,0
1006,2,2016,16-10-2016 17:00,96,97,1,1,0.81,0.1326,0.0574,0,1
1007,2,2016,16-10-2016 17:00,104,115,2,1,0.7474,0.1792,0.0734,0,1
1008,2,2016,16-10-2016 22:45,109,111,1,3,0.033,0.1689,0.7981,0,1
1009,2,2016,17-10-2016 22:45,100,113,1,4,0.2523,0.296,0.4517,1,3
1010,2,2016,22-10-2016 20:00,102,101,2,1,0.6432,0.2361,0.1207,1,1
1011,2,2016,22-10-2016 22:45,111,98,1,0,0.1178,0.4441,0.4381,0,0
1012,2,2016,23-10-2016 14:30,99,114,3,1,0.8299,0.1271,0.043,1,0
1013,2,2016,23-10-2016 17:00,113,96,2,2,0.4609,0.277,0.2621,1,0
1014,2,2016,23-10-2016 17:00,116,110,3,5,0.1737,0.2154,0.6109,1,4
1015,2,2016,23-10-2016 17:00,115,105,1,2,0.2324,0.2548,0.5128,0,2
1016,2,2016,23-10-2016 17:00,108,109,0,0,0.1445,0.3373,0.5182,0,0
1017,2,2016,23-10-2016 17:00,107,106,2,1,0.9422,0.0522,0.0056,1,0
1018,2,2016,23-10-2016 20:00,97,104,1,1,0.5783,0.2864,0.1353,1,0
1019,2,2016,23-10-2016 22:45,95,100,4,1,0.8699,0.1037,0.0264,1,0
1020,2,2016,25-10-2016 22:45,101,111,3,0,0.4891,0.3526,0.1583,1,0
1021,3,2015,14-08-2015 22:30,117,118,5,0,0.972,0.0257,0.0023,1,0
1022,3,2015,15-08-2015 17:30,119,120,2,1,0.9479,0.0436,0.0085,1,1
1023,3,2015,15-08-2015 17:30,121,122,0,1,0.3015,0.3114,0.3871,0,0
1024,3,2015,15-08-2015 17:30,123,124,0,3,0.2193,0.2746,0.5061,0,1
1025,3,2015,15-08-2015 17:30,125,126,0,1,0.2828,0.4288,0.2884,0,0
1026,3,2015,15-08-2015 17:30,127,128,2,2,0.3461,0.2809,0.373,1,0
1027,3,2015,15-08-2015 20:30,129,130,4,0,0.9246,0.0676,0.0078,3,0
1028,3,2015,16-08-2015 17:30,131,132,2,1,0.2627,0.362,0.3753,2,1
1029,3,2015,16-08-2015 19:30,133,134,1,3,0.6438,0.2076,0.1486,0,0
1030,3,2015,21-08-2015 22:30,122,123,1,1,0.1465,0.3386,0.5149,1,1
1031,3,2015,22-08-2015 17:30,120,117,1,2,0.1222,0.1982,0.6796,1,1
1032,3,2015,22-08-2015 17:30,124,127,1,1,0.4052,0.3312,0.2636,0,1
1033,3,2015,22-08-2015 17:30,132,121,1,1,0.2589,0.3226,0.4185,0,1
1034,3,2015,22-08-2015 17:30,134,131,1,1,0.1832,0.2466,0.5702,1,0
1035,3,2015,22-08-2015 17:30,128,119,0,1,0.0172,0.1961,0.7867,0,1
1036,3,2015,22-08-2015 20:30,118,133,3,2,0.2193,0.2533,0.5274,1,2
1037,3,2015,23-08-2015 17:30,126,129,0,4,0.0008,0.0098,0.9894,0,0
1038,3,2015,23-08-2015 19:30,130,125,1,2,0.1971,0.2266,0.5763,0,1
1039,3,2015,28-08-2015 22:30,131,124,3,0,0.616,0.2539,0.1301,1,0
1040,3,2015,29-08-2015 17:30,133,132,1,4,0.5205,0.2971,0.1824,1,2
1041,3,2015,29-08-2015 17:30,121,126,0,1,0.2269,0.3198,0.4533,0,0
1042,3,2015,29-08-2015 17:30,134,118,2,1,0.4273,0.2912,0.2815,0,0
1043,3,2015,29-08-2015 17:30,125,128,3,0,0.9637,0.0307,0.0056,2,0
1044,3,2015,29-08-2015 17:30,127,120,0,0,0.0372,0.1975,0.7653,0,0
1045,3,2015,29-08-2015 20:30,117,119,3,0,0.9679,0.0269,0.0052,1,0
1046,3,2015,30-08-2015 17:30,129,122,3,1,0.9654,0.0294,0.0052,1,0
1047,3,2015,30-08-2015 19:30,123,130,2,1,0.9205,0.0643,0.0152,1,1
1048,3,2015,11-09-2015 22:30,130,118,0,3,0.1302,0.3393,0.5305,0,2
1049,3,2015,12-09-2015 17:30,117,121,2,1,0.9926,0.0067,0.0007,0,1
1050,3,2015,12-09-2015 17:30,128,129,2,4,0.0379,0.1339,0.8282,1,2
1051,3,2015,12-09-2015 17:30,122,133,2,1,0.4867,0.2885,0.2248,2,1
1052,3,2015,12-09-2015 17:30,126,131,0,0,0.0818,0.4564,0.4618,0,0
1053,3,2015,12-09-2015 17:30,119,127,0,1,0.6875,0.2466,0.0659,0,1
1054,3,2015,12-09-2015 20:30,132,134,6,2,0.835,0.1124,0.0526,4,1
1055,3,2015,13-09-2015 17:30,120,123,1,3,0.0608,0.1561,0.7831,0,1
1056,3,2015,13-09-2015 19:30,124,125,2,1,0.4317,0.2101,0.3582,1,1
1057,3,2015,18-09-2015 22:30,125,120,3,1,0.4147,0.3185,0.2668,1,1
1058,3,2015,19-09-2015 17:30,127,117,0,3,0.0218,0.1357,0.8425,0,1
1059,3,2015,19-09-2015 17:30,131,122,2,0,0.9228,0.0632,0.014,0,0
1060,3,2015,19-09-2015 17:30,118,132,0,0,0.5751,0.3527,0.0722,0,0
1061,3,2015,19-09-2015 17:30,123,126,0,1,0.2601,0.3141,0.4258,0,0
1062,3,2015,19-09-2015 17:30,134,130,1,0,0.3187,0.4639,0.2174,0,0
1063,3,2015,20-09-2015 17:30,133,124,0,1,0.8482,0.1052,0.0466,0,0
1064,3,2015,20-09-2015 19:30,121,128,2,0,0.8252,0.1301,0.0447,2,0
1065,3,2015,20-09-2015 19:30,129,119,3,0,0.9485,0.041,0.0105,1,0
1066,3,2015,22-09-2015 22:00,117,131,5,1,0.9838,0.0148,0.0014,0,1
1067,3,2015,22-09-2015 22:00,122,134,2,0,0.4953,0.2824,0.2223,1,0
1068,3,2015,22-09-2015 22:00,126,118,0,1,0.1964,0.3108,0.4928,0,0
1069,3,2015,22-09-2015 22:00,127,123,2,1,0.5729,0.2677,0.1594,1,1
1070,3,2015,23-09-2015 22:00,120,129,1,1,0.2462,0.2692,0.4846,1,0
1071,3,2015,23-09-2015 22:00,124,132,2,0,0.7451,0.1718,0.0831,0,0
1072,3,2015,23-09-2015 22:00,119,125,1,0,0.72,0.2102,0.0698,0,0
1073,3,2015,23-09-2015 22:00,130,121,4,2,0.5949,0.2189,0.1862,4,0
1074,3,2015,23-09-2015 22:00,128,133,1,3,0.1127,0.2509,0.6364,1,2
1075,3,2015,25-09-2015 22:30,134,126,1,1,0.5812,0.2744,0.1444,1,1
1076,3,2015,26-09-2015 17:30,125,117,0,3,0.0213,0.0844,0.8943,0,0
1077,3,2015,26-09-2015 17:30,133,130,1,3,0.6869,0.198,0.1151,1,2
1078,3,2015,26-09-2015 17:30,121,120,1,3,0.4451,0.2617,0.2932,1,1
1079,3,2015,26-09-2015 17:30,123,119,0,3,0.0893,0.273,0.6377,0,1
